{
  "_id": "gWLZn0fAwc2k0bRd",
  "name": "Undead",
  "type": "feature",
  "img": "systems/pirateborg/icons/misc/ship-feature.png",
  "effects": [],
  "folder": null,
  "sort": 0,
  "flags": {},
  "ownership": {
    "default": 0
  },
  "_stats": {
    "coreVersion": "12.331",
    "systemId": null,
    "systemVersion": null,
    "createdTime": null,
    "modifiedTime": null,
    "lastModifiedBy": null,
    "duplicateSource": null
  },
  "system": {
    "description": "<p>Can only be crewed by the dead, and will sink when the captain is destroyed</p>",
    "featureType": "Ships",
    "maxQuantity": 1,
    "quantity": 1,
    "actionMacro": "",
    "actionMacroLabel": "",
    "startingBonusItems": "",
    "startingBonusRolls": "",
    "flavorText": ""
  },
  "_key": "!items!gWLZn0fAwc2k0bRd"
}
