{
  "_id": "G0AhfsVuv1Hxg3ZR",
  "name": "Undead Fortitude",
  "type": "feature",
  "img": "systems/pirateborg/icons/misc/ship-feature.png",
  "effects": [],
  "folder": null,
  "sort": 0,
  "flags": {},
  "ownership": {
    "default": 0
  },
  "_stats": {
    "coreVersion": "12.331",
    "systemId": null,
    "systemVersion": null,
    "createdTime": null,
    "modifiedTime": null,
    "lastModifiedBy": null,
    "duplicateSource": null
  },
  "system": {
    "description": "<p>If reduced to 0 HP or less, test DR12 to drop to 1 HP instead.</p>",
    "featureType": "Ships",
    "maxQuantity": 1,
    "quantity": 1,
    "actionMacro": "",
    "actionMacroLabel": "",
    "startingBonusItems": "",
    "startingBonusRolls": "",
    "flavorText": ""
  },
  "_key": "!items!G0AhfsVuv1Hxg3ZR"
}
