{
  "_id": "sZXgoub4yEXpBflf",
  "name": "Chain shirt",
  "type": "armor",
  "img": "systems/pirateborg/icons/equipment/armors/chain-shirt.png",
  "effects": [],
  "folder": null,
  "sort": 0,
  "flags": {},
  "ownership": {
    "default": 0
  },
  "_stats": {
    "coreVersion": "12.331",
    "systemId": null,
    "systemVersion": null,
    "createdTime": null,
    "modifiedTime": null,
    "lastModifiedBy": null,
    "duplicateSource": null
  },
  "system": {
    "description": "<p>DR +2 on AGILITY tests including defense</p>",
    "containerSpace": 1,
    "carryWeight": 1,
    "equipped": false,
    "carried": true,
    "price": 100,
    "quantity": 1,
    "actionMacro": "",
    "actionMacroLabel": "",
    "tier": {
      "min": 0,
      "max": 2,
      "value": 2
    },
    "currentTier": 1,
    "maxTier": 1
  },
  "_key": "!items!sZXgoub4yEXpBflf"
}
