{
  "_id": "A9KiPk8tYsigSiVG",
  "name": "Common clothes",
  "type": "armor",
  "img": "systems/pirateborg/icons/equipment/armors/common-clothes.png",
  "effects": [],
  "folder": null,
  "sort": 0,
  "flags": {},
  "ownership": {
    "default": 0
  },
  "_stats": {
    "coreVersion": "12.331",
    "systemId": null,
    "systemVersion": null,
    "createdTime": null,
    "modifiedTime": null,
    "lastModifiedBy": null,
    "duplicateSource": null
  },
  "system": {
    "description": "",
    "containerSpace": 1,
    "carryWeight": 1,
    "equipped": false,
    "carried": true,
    "price": 2,
    "quantity": 1,
    "actionMacro": "",
    "actionMacroLabel": "",
    "tier": {
      "min": 0,
      "max": 0,
      "value": 0
    },
    "currentTier": 1,
    "maxTier": 1
  },
  "_key": "!items!A9KiPk8tYsigSiVG"
}
