{
  "_id": "A9qMgrMJnEXZSDrU",
  "name": "medallion that might be the top of a staff",
  "type": "feature",
  "img": "systems/pirateborg/icons/misc/thing-of-importance.png",
  "effects": [],
  "folder": null,
  "sort": 0,
  "flags": {},
  "ownership": {
    "default": 0
  },
  "_stats": {
    "coreVersion": "12.331",
    "systemId": null,
    "systemVersion": null,
    "createdTime": null,
    "modifiedTime": null,
    "lastModifiedBy": null,
    "duplicateSource": null
  },
  "system": {
    "description": "<p>a medallion that might be the top of a staff</p>",
    "featureType": "Thing of Importance",
    "maxQuantity": null,
    "quantity": 1,
    "actionMacro": null,
    "actionMacroLabel": null,
    "startingBonusItems": "",
    "startingBonusRolls": "",
    "flavorText": ""
  },
  "_key": "!items!A9qMgrMJnEXZSDrU"
}
