{
  "_id": "zGYBlDU6I4PVtzRS",
  "name": "multi-colored feather",
  "type": "feature",
  "img": "systems/pirateborg/icons/misc/thing-of-importance.png",
  "effects": [],
  "folder": null,
  "sort": 0,
  "flags": {},
  "ownership": {
    "default": 0
  },
  "_stats": {
    "coreVersion": "12.331",
    "systemId": null,
    "systemVersion": null,
    "createdTime": null,
    "modifiedTime": null,
    "lastModifiedBy": null,
    "duplicateSource": null
  },
  "system": {
    "description": "<p>a multi-colored feather from an exotic bird</p>\n<p>&nbsp;</p>",
    "featureType": "Thing of Importance",
    "maxQuantity": null,
    "quantity": 1,
    "actionMacro": "",
    "actionMacroLabel": "",
    "startingBonusItems": "",
    "startingBonusRolls": "",
    "flavorText": ""
  },
  "_key": "!items!zGYBlDU6I4PVtzRS"
}
