{
  "_id": "mGfmQsAG2KcRe6eq",
  "name": "small golden bell",
  "type": "feature",
  "img": "systems/pirateborg/icons/misc/thing-of-importance.png",
  "effects": [],
  "folder": null,
  "sort": 0,
  "flags": {},
  "ownership": {
    "default": 0
  },
  "_stats": {
    "coreVersion": "12.331",
    "systemId": null,
    "systemVersion": null,
    "createdTime": null,
    "modifiedTime": null,
    "lastModifiedBy": null,
    "duplicateSource": null
  },
  "system": {
    "description": "<p>a small golden bell</p>",
    "featureType": "Thing of Importance",
    "maxQuantity": null,
    "quantity": 1,
    "actionMacro": null,
    "actionMacroLabel": null,
    "startingBonusItems": "",
    "startingBonusRolls": "",
    "flavorText": ""
  },
  "_key": "!items!mGfmQsAG2KcRe6eq"
}
