{
  "_id": "VFWbqVy91UXI7sx6",
  "name": "stone embossed with a mermaid",
  "type": "feature",
  "img": "systems/pirateborg/icons/misc/thing-of-importance.png",
  "effects": [],
  "folder": null,
  "sort": 0,
  "flags": {},
  "ownership": {
    "default": 0
  },
  "_stats": {
    "coreVersion": "12.331",
    "systemId": null,
    "systemVersion": null,
    "createdTime": null,
    "modifiedTime": null,
    "lastModifiedBy": null,
    "duplicateSource": null
  },
  "system": {
    "description": "<p>a stone embossed with a beautiful mermaid</p>",
    "featureType": "Thing of Importance",
    "maxQuantity": null,
    "quantity": 1,
    "actionMacro": "",
    "actionMacroLabel": "",
    "startingBonusItems": "",
    "startingBonusRolls": "",
    "flavorText": ""
  },
  "_key": "!items!VFWbqVy91UXI7sx6"
}
