{
  "name": "Bottle of fine rum",
  "type": "misc",
  "img": "systems/pirateborg/icons/equipment/gear/bottle-fine-rum.png",
  "effects": [],
  "folder": null,
  "sort": 0,
  "flags": {},
  "_id": "lvMmr234xK4lDTt9",
  "ownership": {
    "default": 0
  },
  "_stats": {
    "coreVersion": "12.331",
    "systemId": null,
    "systemVersion": null,
    "createdTime": null,
    "modifiedTime": null,
    "lastModifiedBy": null,
    "duplicateSource": null
  },
  "system": {
    "description": "",
    "containerSpace": 1,
    "carryWeight": 1,
    "equipped": false,
    "carried": true,
    "price": 3,
    "quantity": 1,
    "actionMacro": null,
    "actionMacroLabel": null
  },
  "_key": "!items!lvMmr234xK4lDTt9"
}
