{
  "_id": "fIlSoUxzIJUJUJUy",
  "name": "Lantern oil",
  "type": "misc",
  "img": "systems/pirateborg/icons/equipment/gear/lantern-oil.png",
  "effects": [],
  "folder": null,
  "sort": 0,
  "flags": {},
  "ownership": {
    "default": 0
  },
  "_stats": {
    "coreVersion": "12.331",
    "systemId": null,
    "systemVersion": null,
    "createdTime": null,
    "modifiedTime": null,
    "lastModifiedBy": null,
    "duplicateSource": null
  },
  "system": {
    "description": "<p>d6 hours</p>",
    "containerSpace": 1,
    "carryWeight": 1,
    "equipped": false,
    "carried": true,
    "price": 5,
    "quantity": 1,
    "actionMacro": "",
    "actionMacroLabel": ""
  },
  "_key": "!items!fIlSoUxzIJUJUJUy"
}
