{
  "_id": "Vyombju1Polee1v1",
  "name": "Lantern",
  "type": "misc",
  "img": "systems/pirateborg/icons/equipment/gear/lantern.png",
  "effects": [],
  "folder": null,
  "sort": 0,
  "flags": {},
  "ownership": {
    "default": 0
  },
  "_stats": {
    "coreVersion": "12.331",
    "systemId": null,
    "systemVersion": null,
    "createdTime": null,
    "modifiedTime": null,
    "lastModifiedBy": null,
    "duplicateSource": null
  },
  "system": {
    "description": "",
    "containerSpace": 1,
    "carryWeight": 1,
    "equipped": false,
    "carried": true,
    "price": 10,
    "quantity": 1,
    "actionMacro": "",
    "actionMacroLabel": ""
  },
  "_key": "!items!Vyombju1Polee1v1"
}
