{
  "_id": "KdgTKmZpX6IiVHGn",
  "name": "Medical kit",
  "type": "misc",
  "img": "systems/pirateborg/icons/equipment/gear/medical-kit.png",
  "effects": [],
  "folder": null,
  "sort": 0,
  "flags": {},
  "ownership": {
    "default": 0
  },
  "_stats": {
    "coreVersion": "12.331",
    "systemId": null,
    "systemVersion": null,
    "createdTime": null,
    "modifiedTime": null,
    "lastModifiedBy": null,
    "duplicateSource": null
  },
  "system": {
    "description": "<p>Stops bleeding/poison/infection and heals d6 HP, Presence + 4 uses</p>",
    "containerSpace": 1,
    "carryWeight": 1,
    "equipped": false,
    "carried": true,
    "price": 15,
    "quantity": 1,
    "actionMacro": "",
    "actionMacroLabel": ""
  },
  "_key": "!items!KdgTKmZpX6IiVHGn"
}
