{
  "name": "Worn out book",
  "type": "misc",
  "img": "systems/pirateborg/icons/equipment/gear/worn-out-book.png",
  "effects": [],
  "folder": null,
  "sort": 0,
  "flags": {},
  "_id": "EQRw9OglGl0hq73c",
  "ownership": {
    "default": 0
  },
  "_stats": {
    "coreVersion": "12.331",
    "systemId": null,
    "systemVersion": null,
    "createdTime": null,
    "modifiedTime": null,
    "lastModifiedBy": null,
    "duplicateSource": null
  },
  "system": {
    "description": "",
    "containerSpace": 1,
    "carryWeight": 1,
    "equipped": false,
    "carried": true,
    "price": 0,
    "quantity": 1,
    "actionMacro": "",
    "actionMacroLabel": ""
  },
  "_key": "!items!EQRw9OglGl0hq73c"
}
