{
  "_id": "K6rWD9zuTiyJUVw8",
  "name": "Getting better",
  "img": "icons/svg/d20-grey.svg",
  "description": "",
  "results": [
    {
      "_id": "OzNfTaWOPRCAoOiY",
      "type": "pack",
      "text": "Shakespeare of Insults",
      "weight": 1,
      "range": [
        1,
        1
      ],
      "drawn": false,
      "flags": {},
      "img": "systems/pirateborg/icons/misc/class-feature.png",
      "documentCollection": "pirateborg.class-swashbuckler",
      "documentId": "R7LoinR3FpkCnwQK",
      "_key": "!tables.results!K6rWD9zuTiyJUVw8.OzNfTaWOPRCAoOiY"
    },
    {
      "_id": "7URFQ8DHrO86N95P",
      "type": "pack",
      "text": "Military Mastermind",
      "weight": 1,
      "range": [
        2,
        2
      ],
      "drawn": false,
      "flags": {},
      "img": "systems/pirateborg/icons/misc/class-feature.png",
      "documentCollection": "pirateborg.class-swashbuckler",
      "documentId": "jriB3l8NfDCtxVxc",
      "_key": "!tables.results!K6rWD9zuTiyJUVw8.7URFQ8DHrO86N95P"
    },
    {
      "_id": "2Z7A4FnUdQuUzDol",
      "type": "pack",
      "text": "Sword Master",
      "weight": 1,
      "range": [
        3,
        3
      ],
      "drawn": false,
      "flags": {},
      "img": "systems/pirateborg/icons/misc/class-feature.png",
      "documentCollection": "pirateborg.class-swashbuckler",
      "documentId": "fGzP477fNIDHs2id",
      "_key": "!tables.results!K6rWD9zuTiyJUVw8.2Z7A4FnUdQuUzDol"
    },
    {
      "_id": "XVKzByW47neQH5Q3",
      "type": "pack",
      "text": "Intimidating Presence",
      "weight": 1,
      "range": [
        4,
        4
      ],
      "drawn": false,
      "flags": {},
      "img": "systems/pirateborg/icons/misc/class-feature.png",
      "documentCollection": "pirateborg.class-swashbuckler",
      "documentId": "Sfvhhxr6Qz6JkPHF",
      "_key": "!tables.results!K6rWD9zuTiyJUVw8.XVKzByW47neQH5Q3"
    },
    {
      "_id": "PzsFAadOYZUmgQ8z",
      "type": "pack",
      "text": "Dazzling Acrobatics",
      "weight": 1,
      "range": [
        5,
        5
      ],
      "drawn": false,
      "flags": {},
      "img": "systems/pirateborg/icons/misc/class-feature.png",
      "documentCollection": "pirateborg.class-swashbuckler",
      "documentId": "MX7IBXzkNpkY3an3",
      "_key": "!tables.results!K6rWD9zuTiyJUVw8.PzsFAadOYZUmgQ8z"
    },
    {
      "_id": "391DXoiiydAVrWWk",
      "type": "pack",
      "text": "Calculating Cutthroat",
      "weight": 1,
      "range": [
        6,
        6
      ],
      "drawn": false,
      "flags": {},
      "img": "systems/pirateborg/icons/misc/class-feature.png",
      "documentCollection": "pirateborg.class-swashbuckler",
      "documentId": "LDoVK8giitqlSfDt",
      "_key": "!tables.results!K6rWD9zuTiyJUVw8.391DXoiiydAVrWWk"
    }
  ],
  "formula": "d6",
  "replacement": true,
  "displayRoll": true,
  "folder": null,
  "sort": 0,
  "flags": {},
  "ownership": {
    "default": 0
  },
  "_stats": {
    "coreVersion": "12.331",
    "systemId": null,
    "systemVersion": null,
    "createdTime": null,
    "modifiedTime": null,
    "lastModifiedBy": null,
    "duplicateSource": null
  },
  "_key": "!tables!K6rWD9zuTiyJUVw8"
}
