{
  "_id": "D3rx0VS21EdkbsbY",
  "name": "Starting features",
  "img": "icons/svg/d20-grey.svg",
  "description": "",
  "results": [
    {
      "_id": "OzNfTaWOPRCAoOiY",
      "type": "pack",
      "text": "Ostentatious Fencer",
      "weight": 1,
      "range": [
        1,
        1
      ],
      "drawn": false,
      "flags": {},
      "img": "systems/pirateborg/icons/misc/class-feature.png",
      "documentCollection": "pirateborg.class-swashbuckler",
      "documentId": "lco7XqcFzkaMkw0W",
      "_key": "!tables.results!D3rx0VS21EdkbsbY.OzNfTaWOPRCAoOiY"
    },
    {
      "_id": "7URFQ8DHrO86N95P",
      "type": "pack",
      "text": "Flintlock Fanatic",
      "weight": 1,
      "range": [
        2,
        2
      ],
      "drawn": false,
      "flags": {},
      "img": "systems/pirateborg/icons/misc/class-feature.png",
      "documentCollection": "pirateborg.class-swashbuckler",
      "documentId": "X9VS3CX8nkXPoDJI",
      "_key": "!tables.results!D3rx0VS21EdkbsbY.7URFQ8DHrO86N95P"
    },
    {
      "_id": "2Z7A4FnUdQuUzDol",
      "type": "pack",
      "text": "Scurvy Scallywag",
      "weight": 1,
      "range": [
        3,
        3
      ],
      "drawn": false,
      "flags": {},
      "img": "systems/pirateborg/icons/misc/class-feature.png",
      "documentCollection": "pirateborg.class-swashbuckler",
      "documentId": "Kfa9yjgp5OcRadeZ",
      "_key": "!tables.results!D3rx0VS21EdkbsbY.2Z7A4FnUdQuUzDol"
    },
    {
      "_id": "XVKzByW47neQH5Q3",
      "type": "pack",
      "text": "Inspiring Leader",
      "weight": 1,
      "range": [
        4,
        4
      ],
      "drawn": false,
      "flags": {},
      "img": "systems/pirateborg/icons/misc/class-feature.png",
      "documentCollection": "pirateborg.class-swashbuckler",
      "documentId": "nP40GEWA0xBuWXTH",
      "_key": "!tables.results!D3rx0VS21EdkbsbY.XVKzByW47neQH5Q3"
    },
    {
      "_id": "PzsFAadOYZUmgQ8z",
      "type": "pack",
      "text": "Knife Knave",
      "weight": 1,
      "range": [
        5,
        5
      ],
      "drawn": false,
      "flags": {},
      "img": "systems/pirateborg/icons/misc/class-feature.png",
      "documentCollection": "pirateborg.class-swashbuckler",
      "documentId": "63MCUD3Yr9iHCd9v",
      "_key": "!tables.results!D3rx0VS21EdkbsbY.PzsFAadOYZUmgQ8z"
    },
    {
      "_id": "391DXoiiydAVrWWk",
      "type": "pack",
      "text": "Black Powder Poet",
      "weight": 1,
      "range": [
        6,
        6
      ],
      "drawn": false,
      "flags": {},
      "img": "systems/pirateborg/icons/misc/class-feature.png",
      "documentCollection": "pirateborg.class-swashbuckler",
      "documentId": "llfwA4T1PokLgWkS",
      "_key": "!tables.results!D3rx0VS21EdkbsbY.391DXoiiydAVrWWk"
    }
  ],
  "formula": "d6",
  "replacement": true,
  "displayRoll": true,
  "folder": null,
  "sort": 0,
  "flags": {},
  "ownership": {
    "default": 0
  },
  "_stats": {
    "coreVersion": "12.331",
    "systemId": null,
    "systemVersion": null,
    "createdTime": null,
    "modifiedTime": null,
    "lastModifiedBy": null,
    "duplicateSource": null
  },
  "_key": "!tables!D3rx0VS21EdkbsbY"
}
