{
  "_id": "unvgFJ4af8wmlCgZ",
  "name": "Deck of Cards",
  "type": "feature",
  "img": "systems/pirateborg/icons/classes/rapscallion/card-random.png",
  "effects": [],
  "folder": null,
  "sort": 0,
  "flags": {},
  "ownership": {
    "default": 0
  },
  "_stats": {
    "coreVersion": "12.331",
    "systemId": null,
    "systemVersion": null,
    "createdTime": null,
    "modifiedTime": null,
    "lastModifiedBy": null,
    "duplicateSource": null
  },
  "system": {
    "description": "",
    "featureType": "Class",
    "maxQuantity": 1,
    "quantity": 1,
    "actionMacro": "pirateborg.macros-rapscallion;Deck of Cards",
    "actionMacroLabel": "Draw",
    "startingBonusItems": "",
    "startingBonusRolls": "",
    "flavorText": ""
  },
  "_key": "!items!unvgFJ4af8wmlCgZ"
}
