{
  "_id": "uTBQYaz7kKpbxlJp",
  "name": "Drinking Grog",
  "type": "feature",
  "img": "systems/pirateborg/icons/classes/rapscallion/beer-stein.png",
  "effects": [],
  "folder": null,
  "sort": 0,
  "flags": {},
  "ownership": {
    "default": 0
  },
  "_stats": {
    "coreVersion": "12.331",
    "systemId": null,
    "systemVersion": null,
    "createdTime": null,
    "modifiedTime": null,
    "lastModifiedBy": null,
    "duplicateSource": null
  },
  "system": {
    "description": "<p>Test Toughness DR8 + [Number of drinks in the last hour] to heal d4 HP. Fail and you vomit for d2 rounds.</p>\n<p>Agility is -1 for each drink (lasts one hour per drink)</p>",
    "featureType": "Class",
    "maxQuantity": null,
    "quantity": 1,
    "actionMacro": "pirateborg.macros-pirateborg;Generic Item",
    "actionMacroLabel": "Use",
    "startingBonusItems": "",
    "startingBonusRolls": "",
    "flavorText": ""
  },
  "_key": "!items!uTBQYaz7kKpbxlJp"
}
