{
  "_id": "KLIZ1qvZj09FHC19",
  "name": "Grog Brewer",
  "type": "feature",
  "img": "systems/pirateborg/icons/misc/class-feature.png",
  "effects": [],
  "folder": null,
  "sort": 0,
  "flags": {},
  "ownership": {
    "default": 0
  },
  "_stats": {
    "coreVersion": "12.331",
    "systemId": null,
    "systemVersion": null,
    "createdTime": null,
    "modifiedTime": null,
    "lastModifiedBy": null,
    "duplicateSource": null
  },
  "system": {
    "description": "<p>Each day you can brew d4 servings of potent grog. You can soak melee weapons in it to use as a poison.</p>\n<p>Grog in a wound: Toughness DR14 or -d6 HP.</p>\n<p>If taken again, draw a card.</p>\n<ul>\n<li>Black: +2 to DR.&nbsp;</li>\n<li>Red: Increase damage die [d6&gt;d8&gt;d10&gt;d12].</li>\n<li>Joker: Both</li>\n</ul>",
    "featureType": "Class",
    "maxQuantity": null,
    "quantity": 1,
    "actionMacro": "pirateborg.macros-pirateborg;Generic Item",
    "actionMacroLabel": "Use",
    "startingBonusItems": "",
    "startingBonusRolls": "",
    "flavorText": ""
  },
  "_key": "!items!KLIZ1qvZj09FHC19"
}
