{
  "_id": "0fXnvduqtkSpdB7n",
  "name": "Rapscallion",
  "type": "class",
  "img": "systems/pirateborg/tokens/rapscallion.png",
  "effects": [],
  "folder": null,
  "sort": 0,
  "flags": {},
  "ownership": {
    "default": 0
  },
  "_stats": {
    "coreVersion": "12.331",
    "systemId": null,
    "systemVersion": null,
    "createdTime": null,
    "modifiedTime": null,
    "lastModifiedBy": null,
    "duplicateSource": null
  },
  "system": {
    "description": "<p>A sneaky, cutthroat scallywag good at backstabbing, breaking &amp; entering, stealing, cheating, and escaping. Found in taverns, shadows, and shallow graves.</p>\n<p>You will need a deck of playing cards.</p>",
    "flavorText": "A sneaky, cutthroat scallywag good at backstabbing, breaking & entering, stealing, cheating, and escaping. Found in taverns, shadows, and shallow graves.\n\nYou will need a deck of playing cards.",
    "luckDie": "1d2",
    "startingArmorTableFormula": "1d6",
    "startingWeaponTableFormula": "1d6",
    "startingHatTableFormula": "1d10",
    "startingAbilityScoreFormula": "3d6",
    "startingAgilityBonus": "+2",
    "startingPresenceBonus": "",
    "startingStrengthBonus": "-1",
    "startingToughnessBonus": "-1",
    "startingSpiritBonus": "",
    "startingHitPoints": "1d8",
    "startingItems": "pirateborg.class-rapscallion;Deck of Cards\npirateborg.class-rapscallion;Drinking Grog\npirateborg.class-rapscallion;Joker Table",
    "startingRolls": "pirateborg.rolls-rapscallion;Features;1",
    "startingMacro": "",
    "gettingBetterRolls": "pirateborg.rolls-rapscallion;Features;1",
    "gettingBetterMacro": "",
    "useExtraResource": false,
    "extraResourceNameSingular": "",
    "extraResourceNamePlural": "",
    "extraResourceFormula": "",
    "extraResourceFormulaLabel": "",
    "extraResourceTestFormula": "",
    "extraResourceTestFormulaLabel": "",
    "requireBaseClass": false,
    "isBaseClass": false,
    "characterGeneratorMacro": ""
  },
  "_key": "!items!0fXnvduqtkSpdB7n"
}
