{
  "_id": "FNyBSVcq3NlVMzYn",
  "name": "Broken",
  "img": "icons/svg/d20-grey.svg",
  "description": "",
  "results": [
    {
      "_id": "ErqdREE5VchOpRSc",
      "type": "text",
      "text": "Instant death",
      "weight": 1,
      "range": [
        1,
        1
      ],
      "drawn": false,
      "flags": {},
      "img": "icons/svg/d20-black.svg",
      "documentId": null,
      "_key": "!tables.results!FNyBSVcq3NlVMzYn.ErqdREE5VchOpRSc"
    },
    {
      "_id": "MkOX7IYwf90eGV0u",
      "type": "pack",
      "text": "Broken or severed limb or Lost eye",
      "weight": 1,
      "range": [
        4,
        4
      ],
      "drawn": false,
      "flags": {},
      "img": "icons/svg/d20-grey.svg",
      "documentCollection": "pirateborg.rolls-gamemaster",
      "documentId": "akVJTxuCEoiyE1Sw",
      "_key": "!tables.results!FNyBSVcq3NlVMzYn.MkOX7IYwf90eGV0u"
    },
    {
      "_id": "GEQf9yzxZDsOorq6",
      "type": "text",
      "text": "Hemorrhage : Death in [[d2]] hours unless treated. All tests are DR16 the first hour. DR18 the last hour.",
      "weight": 1,
      "range": [
        2,
        2
      ],
      "drawn": false,
      "flags": {},
      "img": "icons/svg/d20-black.svg",
      "documentId": null,
      "_key": "!tables.results!FNyBSVcq3NlVMzYn.GEQf9yzxZDsOorq6"
    },
    {
      "_id": "vEklh4hklO5xrr2h",
      "type": "text",
      "text": "Brain injury : You awake in 1 hour with a -3 to Presence for [[d8]] days.",
      "weight": 1,
      "range": [
        3,
        3
      ],
      "drawn": false,
      "flags": {},
      "img": "icons/svg/d20-black.svg",
      "documentId": null,
      "_key": "!tables.results!FNyBSVcq3NlVMzYn.vEklh4hklO5xrr2h"
    },
    {
      "_id": "yFI61BY7UNyufyPM",
      "type": "text",
      "text": "Can’t act for [[d4]] rounds then become active with [[d4]] HP.",
      "weight": 1,
      "range": [
        4,
        4
      ],
      "drawn": false,
      "flags": {},
      "img": "icons/svg/d20-black.svg",
      "documentId": null,
      "_key": "!tables.results!FNyBSVcq3NlVMzYn.yFI61BY7UNyufyPM"
    },
    {
      "_id": "yUH3lN6VhHi7K9Ub",
      "type": "text",
      "text": "Fall unconscious for [[d4]] rounds, awaken with 1 HP and 0 Devil's Luck.",
      "weight": 1,
      "range": [
        5,
        5
      ],
      "drawn": false,
      "flags": {},
      "img": "icons/svg/d20-black.svg",
      "documentId": null,
      "_key": "!tables.results!FNyBSVcq3NlVMzYn.yUH3lN6VhHi7K9Ub"
    },
    {
      "_id": "ZhBSroJTEg3hTbkB",
      "type": "text",
      "text": "Fall unconscious for [[d2]] rounds, awaken with [[d4]] HP and [[d2]] Devil's Luck.",
      "weight": 1,
      "range": [
        6,
        6
      ],
      "drawn": false,
      "flags": {},
      "img": "icons/svg/d20-black.svg",
      "documentId": null,
      "_key": "!tables.results!FNyBSVcq3NlVMzYn.ZhBSroJTEg3hTbkB"
    }
  ],
  "formula": "d6",
  "replacement": true,
  "displayRoll": true,
  "folder": null,
  "sort": 0,
  "flags": {},
  "ownership": {
    "default": 0
  },
  "_stats": {
    "coreVersion": "12.331",
    "systemId": null,
    "systemVersion": null,
    "createdTime": null,
    "modifiedTime": null,
    "lastModifiedBy": null,
    "duplicateSource": null
  },
  "_key": "!tables!FNyBSVcq3NlVMzYn"
}
