{
  "_id": "TUUnMUeE28Jwgsqw",
  "name": "Mystical Mishaps",
  "img": "icons/svg/d20-grey.svg",
  "description": "",
  "results": [
    {
      "_id": "WEUJpAs39APEraMN",
      "type": "text",
      "text": "All before you vanishes, and you are alone on a gray island. A figure robed in black can be seen on a boat in the distance. Welcome to purgatory.",
      "weight": 1,
      "range": [
        1,
        1
      ],
      "drawn": false,
      "flags": {},
      "img": "icons/svg/d20-black.svg",
      "documentId": null,
      "_key": "!tables.results!TUUnMUeE28Jwgsqw.WEUJpAs39APEraMN"
    },
    {
      "_id": "OEtwfbGqqPUJ3ah2",
      "type": "text",
      "text": "Everyone within [[d20]] ft. vomits briny water and sea urchins ( and lose 4hp).",
      "weight": 1,
      "range": [
        2,
        2
      ],
      "drawn": false,
      "flags": {},
      "img": "icons/svg/d20-black.svg",
      "documentId": null,
      "_key": "!tables.results!TUUnMUeE28Jwgsqw.OEtwfbGqqPUJ3ah2"
    },
    {
      "_id": "Embwdb2C5UI1jgni",
      "type": "text",
      "text": "A wraith appears, the ghost of an old captain. Roll reaction for it (pg. 30). It leaves after d6 rounds.",
      "weight": 1,
      "range": [
        3,
        3
      ],
      "drawn": false,
      "flags": {},
      "img": "icons/svg/d20-black.svg",
      "documentId": null,
      "_key": "!tables.results!TUUnMUeE28Jwgsqw.Embwdb2C5UI1jgni"
    },
    {
      "_id": "ltqNG4HEqBJ6vTcs",
      "type": "text",
      "text": "You are possessed by an ancient, arcane spirit for [[d4]] rounds. Roll reaction (pg. 30) to see how it behaves to others.",
      "weight": 1,
      "range": [
        4,
        4
      ],
      "drawn": false,
      "flags": {},
      "img": "icons/svg/d20-black.svg",
      "documentId": null,
      "_key": "!tables.results!TUUnMUeE28Jwgsqw.ltqNG4HEqBJ6vTcs"
    },
    {
      "_id": "qlrpZmN491qDkuHD",
      "type": "text",
      "text": "You go insane, as you become convinced that this world is a dream and that you must wake up from. Test SPIRIT DR12 every dawn to see if you come to your senses.",
      "weight": 1,
      "range": [
        5,
        5
      ],
      "drawn": false,
      "flags": {},
      "img": "icons/svg/d20-black.svg",
      "documentId": null,
      "_key": "!tables.results!TUUnMUeE28Jwgsqw.qlrpZmN491qDkuHD"
    },
    {
      "_id": "pdJvItGENCC7eSwI",
      "type": "text",
      "text": "Nothing happens...until the Kraken appears in [[d6]] days.",
      "weight": 1,
      "range": [
        6,
        6
      ],
      "drawn": false,
      "flags": {},
      "img": "icons/svg/d20-black.svg",
      "documentId": null,
      "_key": "!tables.results!TUUnMUeE28Jwgsqw.pdJvItGENCC7eSwI"
    },
    {
      "_id": "WVXH7CIFobeTn48o",
      "type": "text",
      "text": "Gravity behaves as if everything within 30' is underwater... for [[d8]] minutes",
      "weight": 1,
      "range": [
        7,
        7
      ],
      "drawn": false,
      "flags": {},
      "img": "icons/svg/d20-black.svg",
      "documentId": null,
      "_key": "!tables.results!TUUnMUeE28Jwgsqw.WVXH7CIFobeTn48o"
    },
    {
      "_id": "byUbVqey0oK4uvQA",
      "type": "text",
      "text": "[[d12]] BIRDS! They swarm you and all around.",
      "weight": 1,
      "range": [
        8,
        8
      ],
      "drawn": false,
      "flags": {},
      "img": "icons/svg/d20-black.svg",
      "documentId": null,
      "_key": "!tables.results!TUUnMUeE28Jwgsqw.byUbVqey0oK4uvQA"
    },
    {
      "_id": "WmISPRVf7a9yI7sl",
      "type": "text",
      "text": "All metal within 30ft become molten hot and glows red. The effect lasts for 1 minute. Any one touching metal after the first round is burnt for d2 damage.",
      "weight": 1,
      "range": [
        9,
        9
      ],
      "drawn": false,
      "flags": {},
      "img": "icons/svg/d20-black.svg",
      "documentId": null,
      "_key": "!tables.results!TUUnMUeE28Jwgsqw.WmISPRVf7a9yI7sl"
    },
    {
      "_id": "JV1wJzhn9bkK1ifY",
      "type": "text",
      "text": "Your vision permanently fills with water and the world around you looks submerged and obfuscated. Presence Checks involving sight are +4 DR from now on. Underwater you see like fish.",
      "weight": 1,
      "range": [
        10,
        10
      ],
      "drawn": false,
      "flags": {},
      "img": "icons/svg/d20-black.svg",
      "documentId": null,
      "_key": "!tables.results!TUUnMUeE28Jwgsqw.JV1wJzhn9bkK1ifY"
    },
    {
      "_id": "ffgYXJMbVfaUDRp5",
      "type": "text",
      "text": "The weather and time of day are immediately, completely different. You and everything within a 3 mile radius have traveled 4d12 hours into the future.",
      "weight": 1,
      "range": [
        11,
        11
      ],
      "drawn": false,
      "flags": {},
      "img": "icons/svg/d20-black.svg",
      "documentId": null,
      "_key": "!tables.results!TUUnMUeE28Jwgsqw.ffgYXJMbVfaUDRp5"
    },
    {
      "_id": "2bdLylYb3OjR0z60",
      "type": "text",
      "text": "Clouds darken, winds pick up, the temperature drops [[d10 * 10]] degrees. A thunderstorm moves in.",
      "weight": 1,
      "range": [
        12,
        12
      ],
      "drawn": false,
      "flags": {},
      "img": "icons/svg/d20-black.svg",
      "documentId": null,
      "_key": "!tables.results!TUUnMUeE28Jwgsqw.2bdLylYb3OjR0z60"
    },
    {
      "_id": "nIW3JQ8YJn1DSKEK",
      "type": "text",
      "text": "A massive earthquake shakes the ground. At sea, tidal waves swell.",
      "weight": 1,
      "range": [
        13,
        13
      ],
      "drawn": false,
      "flags": {},
      "img": "icons/svg/d20-black.svg",
      "documentId": null,
      "_key": "!tables.results!TUUnMUeE28Jwgsqw.nIW3JQ8YJn1DSKEK"
    },
    {
      "_id": "8fHjK3nW244Gvz4v",
      "type": "text",
      "text": "You've simply forgotten how to cast the ritual. You no longer know it. Remove it from your sheet.",
      "weight": 1,
      "range": [
        14,
        14
      ],
      "drawn": false,
      "flags": {},
      "img": "icons/svg/d20-black.svg",
      "documentId": null,
      "_key": "!tables.results!TUUnMUeE28Jwgsqw.8fHjK3nW244Gvz4v"
    },
    {
      "_id": "PEE3lInR7llSoII9",
      "type": "text",
      "text": "Eldritch voices whisper in your ears. Test SPIRIT DR12 or take d2 damage out of horror. If you pass, then next time you consider accessing the arcane you discover you know one random new ritual.",
      "weight": 1,
      "range": [
        15,
        15
      ],
      "drawn": false,
      "flags": {},
      "img": "icons/svg/d20-black.svg",
      "documentId": null,
      "_key": "!tables.results!TUUnMUeE28Jwgsqw.PEE3lInR7llSoII9"
    },
    {
      "_id": "Sgy63bBEhst6ZlKU",
      "type": "text",
      "text": "The ritual succeeds, but in the worst way possible. GM decides: different target, goes off at the wrong time, you cast it on yourself, etc.",
      "weight": 1,
      "range": [
        16,
        16
      ],
      "drawn": false,
      "flags": {},
      "img": "icons/svg/d20-black.svg",
      "documentId": null,
      "_key": "!tables.results!TUUnMUeE28Jwgsqw.Sgy63bBEhst6ZlKU"
    },
    {
      "_id": "08sh1EyLdmdPu06z",
      "type": "text",
      "text": "Your mind is lost at sea for what seems like [[3d10]] years, yet no time has passed. Others watch as you age 3d10 years in a matter of seconds.",
      "weight": 1,
      "range": [
        17,
        17
      ],
      "drawn": false,
      "flags": {},
      "img": "icons/svg/d20-black.svg",
      "documentId": null,
      "_key": "!tables.results!TUUnMUeE28Jwgsqw.08sh1EyLdmdPu06z"
    },
    {
      "_id": "NjmuCwU085Vlfnor",
      "type": "text",
      "text": "Hundreds of tiny crabs swarm you. They are harmless, and provide an extra -2 armor. They leave after [[d6]] days, but return every full moon.",
      "weight": 1,
      "range": [
        18,
        18
      ],
      "drawn": false,
      "flags": {},
      "img": "icons/svg/d20-black.svg",
      "documentId": null,
      "_key": "!tables.results!TUUnMUeE28Jwgsqw.NjmuCwU085Vlfnor"
    },
    {
      "_id": "gsE3CvYVcf7Caef0",
      "type": "text",
      "text": "Everyone you can see recovers 3d6 hp including your enemies...",
      "weight": 1,
      "range": [
        19,
        19
      ],
      "drawn": false,
      "flags": {},
      "img": "icons/svg/d20-black.svg",
      "documentId": null,
      "_key": "!tables.results!TUUnMUeE28Jwgsqw.gsE3CvYVcf7Caef0"
    },
    {
      "_id": "DNoInrhjaAlX4545",
      "type": "text",
      "text": "Time stops. You experience a moment of absolute cosmic understanding and bliss. When you gain your composure, time resumes and you have learned a new ritual of your choice and your Spirit score is increased by +1.",
      "weight": 1,
      "range": [
        20,
        20
      ],
      "drawn": false,
      "flags": {},
      "img": "icons/svg/d20-black.svg",
      "documentId": null,
      "_key": "!tables.results!TUUnMUeE28Jwgsqw.DNoInrhjaAlX4545"
    },
    {
      "_id": "6YmdL4eL6NcfTq7l",
      "type": "text",
      "text": "HP 2 Morale - No Armor Bite d2. They flee when half are defeated.",
      "weight": 1,
      "range": [
        8,
        8
      ],
      "drawn": false,
      "flags": {},
      "img": "icons/svg/d20-black.svg",
      "documentId": null,
      "_key": "!tables.results!TUUnMUeE28Jwgsqw.6YmdL4eL6NcfTq7l"
    }
  ],
  "formula": "d20",
  "replacement": true,
  "displayRoll": true,
  "folder": null,
  "sort": 0,
  "flags": {},
  "ownership": {
    "default": 0
  },
  "_stats": {
    "coreVersion": "12.331",
    "systemId": null,
    "systemVersion": null,
    "createdTime": null,
    "modifiedTime": null,
    "lastModifiedBy": null,
    "duplicateSource": null
  },
  "_key": "!tables!TUUnMUeE28Jwgsqw"
}
