{
  "_id": "fw0HLPLjI0vmPAcF",
  "name": "Reaction",
  "img": "icons/svg/d20-grey.svg",
  "description": "",
  "results": [
    {
      "_id": "UizwAG5Mha1jx5gs",
      "type": "text",
      "text": "Bloodthirsty",
      "weight": 1,
      "range": [
        2,
        3
      ],
      "drawn": false,
      "flags": {},
      "img": "icons/svg/d20-black.svg",
      "documentId": null,
      "_key": "!tables.results!fw0HLPLjI0vmPAcF.UizwAG5Mha1jx5gs"
    },
    {
      "_id": "PLUby33LgjnPQaxq",
      "type": "text",
      "text": "Angered or alarmed",
      "weight": 1,
      "range": [
        4,
        6
      ],
      "drawn": false,
      "flags": {},
      "img": "icons/svg/d20-black.svg",
      "documentId": null,
      "_key": "!tables.results!fw0HLPLjI0vmPAcF.PLUby33LgjnPQaxq"
    },
    {
      "_id": "rUMz3KpiHKBMNObv",
      "type": "text",
      "text": "Indifferent, neutral",
      "weight": 1,
      "range": [
        7,
        8
      ],
      "drawn": false,
      "flags": {},
      "img": "icons/svg/d20-black.svg",
      "documentId": null,
      "_key": "!tables.results!fw0HLPLjI0vmPAcF.rUMz3KpiHKBMNObv"
    },
    {
      "_id": "7nmC87XqoEcXmHNt",
      "type": "text",
      "text": "Almost friendly",
      "weight": 1,
      "range": [
        9,
        10
      ],
      "drawn": false,
      "flags": {},
      "img": "icons/svg/d20-black.svg",
      "documentId": null,
      "_key": "!tables.results!fw0HLPLjI0vmPAcF.7nmC87XqoEcXmHNt"
    },
    {
      "_id": "0TO2wRq7UUBzoQaI",
      "type": "text",
      "text": "Helpful",
      "weight": 1,
      "range": [
        11,
        12
      ],
      "drawn": false,
      "flags": {},
      "img": "icons/svg/d20-black.svg",
      "documentId": null,
      "_key": "!tables.results!fw0HLPLjI0vmPAcF.0TO2wRq7UUBzoQaI"
    }
  ],
  "formula": "2d6",
  "replacement": true,
  "displayRoll": true,
  "folder": null,
  "sort": 0,
  "flags": {},
  "ownership": {
    "default": 0
  },
  "_stats": {
    "coreVersion": "12.331",
    "systemId": null,
    "systemVersion": null,
    "createdTime": null,
    "modifiedTime": null,
    "lastModifiedBy": null,
    "duplicateSource": null
  },
  "_key": "!tables!fw0HLPLjI0vmPAcF"
}
