{
  "_id": "GsLWJKY8b0mX75Ak",
  "name": "All For Me Grog",
  "type": "shanty",
  "img": "systems/pirateborg/icons/misc/shanty.png",
  "effects": [],
  "folder": null,
  "sort": 0,
  "flags": {},
  "ownership": {
    "default": 0
  },
  "_stats": {
    "coreVersion": "12.331",
    "systemId": null,
    "systemVersion": null,
    "createdTime": null,
    "modifiedTime": null,
    "lastModifiedBy": null,
    "duplicateSource": null
  },
  "system": {
    "description": "<p>Raise the ship's morale by 2. The crew cannot mutiny today.</p>\n<p><strong><em>Chorus<br /></em></strong><em>Well it's all for me grog, me jolly jolly grog,<br /></em><em>It's all for me beer and tobacco.<br /></em><em>For I spent all me tin on the lassies drinking gin,<br /></em><em>Far across the western ocean I must wander.</em></p>\n<p><a href=\"https://youtu.be/RvwFc0Izu2o\">Play Song</a></p>",
    "actionMacro": "",
    "actionMacroLabel": "",
    "price": null,
    "carryWeight": null,
    "containerSpace": null,
    "quantity": null
  },
  "_key": "!items!GsLWJKY8b0mX75Ak"
}
