{
  "_id": "5sGIaD4NrgbDmBhF",
  "name": "Captain Kidd",
  "type": "shanty",
  "img": "systems/pirateborg/icons/misc/shanty.png",
  "effects": [],
  "folder": null,
  "sort": 0,
  "flags": {},
  "ownership": {
    "default": 0
  },
  "_stats": {
    "coreVersion": "12.331",
    "systemId": null,
    "systemVersion": null,
    "createdTime": null,
    "modifiedTime": null,
    "lastModifiedBy": null,
    "duplicateSource": null
  },
  "system": {
    "description": "<p>Attacks from this ship are DR -2 for d6 rounds.</p>\n<p><strong><em>Chorus<br /></em></strong><em>My name is Captain Kidd<br /></em><em>As I sailed, as I sailed<br /></em><em>Oh my name is Captain Kidd as I sailed<br /></em><em>My name is Captain Kidd<br /></em><em>And God's laws I did forbid<br /></em><em>And most wickedly I did as I sailed</em></p>\n<p><a href=\"https://youtu.be/sZT90L4D8Gw\">Play Song</a></p>",
    "actionMacro": "",
    "actionMacroLabel": "",
    "price": null,
    "carryWeight": null,
    "containerSpace": null,
    "quantity": null
  },
  "_key": "!items!5sGIaD4NrgbDmBhF"
}
