{
  "_id": "uUV4dGxC8W8GMVQO",
  "name": "Bucket",
  "type": "container",
  "img": "systems/pirateborg/icons/equipment/gear/bucket.png",
  "effects": [],
  "folder": null,
  "sort": 0,
  "flags": {},
  "ownership": {
    "default": 0
  },
  "_stats": {
    "coreVersion": "12.331",
    "systemId": null,
    "systemVersion": null,
    "createdTime": null,
    "modifiedTime": null,
    "lastModifiedBy": null,
    "duplicateSource": null
  },
  "system": {
    "description": "<p>Carry 4 normal-sized items.</p>",
    "containerSpace": 1,
    "carryWeight": 1,
    "equipped": false,
    "carried": true,
    "price": 3,
    "quantity": 1,
    "actionMacro": "",
    "actionMacroLabel": "",
    "capacity": 4
  },
  "_key": "!items!uUV4dGxC8W8GMVQO"
}
