{
  "_id": "VEgbm3JcVOR5aFVa",
  "name": "Getting better",
  "type": "script",
  "author": "pdXclp2r5tiEF79G",
  "img": "icons/svg/dice-target.svg",
  "scope": "global",
  "command": "const prerequisite = 'Thick Skinned';\nconst target = 'Thick Skin';\n\nif (actor.items.some(item => item.name === prerequisite) && !actor.items.some(item => item.name === target)) {\n const item = await game.pirateborg.api.compendium.findCompendiumItem('pirateborg.class-brute', target);\n await actor.createEmbeddedDocuments('Item', [item.toObject(false)]); \n}",
  "folder": null,
  "sort": 0,
  "flags": {},
  "ownership": {
    "default": 0
  },
  "_stats": {
    "systemId": "pirateborg",
    "systemVersion": "v0.4.2",
    "coreVersion": "12.331",
    "createdTime": null,
    "modifiedTime": 1661361220618,
    "lastModifiedBy": "pbbuilder0000000",
    "duplicateSource": null
  },
  "_key": "!macros!VEgbm3JcVOR5aFVa"
}
