{
  "_id": "4mK0XkMSWoCl0vfg",
  "name": "Swashbuckler",
  "type": "class",
  "img": "systems/pirateborg/tokens/swashbuckler.png",
  "effects": [],
  "folder": null,
  "sort": 0,
  "flags": {},
  "ownership": {
    "default": 0
  },
  "_stats": {
    "coreVersion": "12.331",
    "systemId": null,
    "systemVersion": null,
    "createdTime": null,
    "modifiedTime": null,
    "lastModifiedBy": null,
    "duplicateSource": null
  },
  "system": {
    "description": "<p>A brash Fighter with Bravado &amp; Swagger</p>",
    "flavorText": "A brash Fighter with Bravado & Swagger",
    "luckDie": "1d2",
    "startingArmorTableFormula": "1d10",
    "startingWeaponTableFormula": "1d10",
    "startingHatTableFormula": "1d12",
    "startingAbilityScoreFormula": "3d6",
    "startingAgilityBonus": "+1",
    "startingPresenceBonus": "-1",
    "startingStrengthBonus": "+1",
    "startingToughnessBonus": "",
    "startingSpiritBonus": "-1",
    "startingHitPoints": "1d10",
    "startingItems": "",
    "startingRolls": "pirateborg.rolls-swashbuckler;Starting features;1",
    "startingMacro": "pirateborg.macros-swashbuckler;Character creation",
    "gettingBetterRolls": "pirateborg.rolls-swashbuckler;Getting better;1",
    "gettingBetterMacro": "",
    "useExtraResource": false,
    "extraResourceNameSingular": "",
    "extraResourceNamePlural": "",
    "extraResourceFormula": "",
    "extraResourceFormulaLabel": "",
    "extraResourceTestFormula": "",
    "extraResourceTestFormulaLabel": "",
    "requireBaseClass": false,
    "isBaseClass": false,
    "characterGeneratorMacro": ""
  },
  "_key": "!items!4mK0XkMSWoCl0vfg"
}
