{
  "_id": "8ZsRJyafqD03XLRz",
  "name": "Features",
  "img": "icons/svg/d20-grey.svg",
  "description": "",
  "results": [
    {
      "_id": "a4X4zhOs3LsujbNo",
      "type": "pack",
      "text": "Treasure Hunter",
      "weight": 1,
      "range": [
        1,
        1
      ],
      "drawn": false,
      "flags": {},
      "img": "systems/pirateborg/icons/misc/class-feature.png",
      "documentCollection": "pirateborg.class-buccaneer",
      "documentId": "lgzHS7vSvM7xgDOv",
      "_key": "!tables.results!8ZsRJyafqD03XLRz.a4X4zhOs3LsujbNo"
    },
    {
      "_id": "bq8jO8ofDszl0vOw",
      "type": "pack",
      "text": "Crack Shot",
      "weight": 1,
      "range": [
        2,
        2
      ],
      "drawn": false,
      "flags": {},
      "img": "systems/pirateborg/icons/misc/class-feature.png",
      "documentCollection": "pirateborg.class-buccaneer",
      "documentId": "faput8RkeUiNkwzx",
      "_key": "!tables.results!8ZsRJyafqD03XLRz.bq8jO8ofDszl0vOw"
    },
    {
      "_id": "tr5nGh1MBeviOBQ2",
      "type": "pack",
      "text": "Fix Bayonets!",
      "weight": 1,
      "range": [
        3,
        3
      ],
      "drawn": false,
      "flags": {},
      "img": "systems/pirateborg/icons/misc/class-feature.png",
      "documentCollection": "pirateborg.class-buccaneer",
      "documentId": "a44UBgayTh0aBtcy",
      "_key": "!tables.results!8ZsRJyafqD03XLRz.tr5nGh1MBeviOBQ2"
    },
    {
      "_id": "Hl9jWTcMcqJnLevC",
      "type": "pack",
      "text": "Focused Aim",
      "weight": 1,
      "range": [
        4,
        4
      ],
      "drawn": false,
      "flags": {},
      "img": "systems/pirateborg/icons/misc/class-feature.png",
      "documentCollection": "pirateborg.class-buccaneer",
      "documentId": "vKcCqgp5tTmwYaWd",
      "_key": "!tables.results!8ZsRJyafqD03XLRz.Hl9jWTcMcqJnLevC"
    },
    {
      "_id": "rcHPl4XiAZHOAhj4",
      "type": "pack",
      "text": "Buccan Cook",
      "weight": 1,
      "range": [
        5,
        5
      ],
      "drawn": false,
      "flags": {},
      "img": "systems/pirateborg/icons/misc/class-feature.png",
      "documentCollection": "pirateborg.class-buccaneer",
      "documentId": "F8mnXcDUFOeAp141",
      "_key": "!tables.results!8ZsRJyafqD03XLRz.rcHPl4XiAZHOAhj4"
    },
    {
      "_id": "VvjiidguG2Z7unNb",
      "type": "pack",
      "text": "Survivalist",
      "weight": 1,
      "range": [
        6,
        6
      ],
      "drawn": false,
      "flags": {},
      "img": "systems/pirateborg/icons/misc/class-feature.png",
      "documentCollection": "pirateborg.class-buccaneer",
      "documentId": "aLnujMWeM7tsNsek",
      "_key": "!tables.results!8ZsRJyafqD03XLRz.VvjiidguG2Z7unNb"
    },
    {
      "_id": "4Qmt86lySOMhqCqc",
      "type": "pack",
      "text": "Bayonets",
      "weight": 1,
      "range": [
        3,
        3
      ],
      "drawn": false,
      "flags": {},
      "img": "systems/pirateborg/icons/misc/weapon.png",
      "documentCollection": "pirateborg.class-buccaneer",
      "documentId": "Lqyf5zc9Wx05Du1L",
      "_key": "!tables.results!8ZsRJyafqD03XLRz.4Qmt86lySOMhqCqc"
    }
  ],
  "formula": "d6",
  "replacement": true,
  "displayRoll": true,
  "folder": null,
  "sort": 0,
  "flags": {},
  "ownership": {
    "default": 0
  },
  "_stats": {
    "coreVersion": "12.331",
    "systemId": null,
    "systemVersion": null,
    "createdTime": null,
    "modifiedTime": null,
    "lastModifiedBy": null,
    "duplicateSource": null
  },
  "_key": "!tables!8ZsRJyafqD03XLRz"
}
