{
  "_id": "qIUIdi1swbrMZPZq",
  "name": "Backpack",
  "type": "container",
  "img": "systems/pirateborg/icons/equipment/gear/backpack.png",
  "effects": [],
  "folder": null,
  "sort": 0,
  "flags": {},
  "ownership": {
    "default": 0
  },
  "_stats": {
    "coreVersion": "12.331",
    "systemId": null,
    "systemVersion": null,
    "createdTime": null,
    "modifiedTime": null,
    "lastModifiedBy": null,
    "duplicateSource": null
  },
  "system": {
    "description": "<p>Carry 10 normal-sized items.</p>",
    "containerSpace": 1,
    "carryWeight": 1,
    "equipped": false,
    "carried": true,
    "price": 6,
    "quantity": 1,
    "actionMacro": "",
    "actionMacroLabel": "",
    "capacity": 10
  },
  "_key": "!items!qIUIdi1swbrMZPZq"
}
