{
  "_id": "x9ipo0Ut9amT6dYB",
  "name": "Getting better",
  "img": "icons/svg/d20-grey.svg",
  "description": "",
  "results": [
    {
      "_id": "hoD0H8b3LllQYKw3",
      "type": "pack",
      "text": "Liar's Dice",
      "img": "systems/pirateborg/icons/misc/class-item.png",
      "weight": 1,
      "range": [
        1,
        1
      ],
      "drawn": false,
      "flags": {},
      "documentCollection": "pirateborg.class-brute",
      "documentId": "kHcRmAtOroMngfQi",
      "_key": "!tables.results!x9ipo0Ut9amT6dYB.hoD0H8b3LllQYKw3"
    },
    {
      "_id": "SrhNM2BRRc3CgkmB",
      "type": "pack",
      "text": "Boomstick (melee)",
      "img": "systems/pirateborg/icons/misc/weapon.png",
      "weight": 1,
      "range": [
        2,
        2
      ],
      "drawn": false,
      "flags": {},
      "documentCollection": "pirateborg.class-brute",
      "documentId": "ILBVXEghnlGKOoRB",
      "_key": "!tables.results!x9ipo0Ut9amT6dYB.SrhNM2BRRc3CgkmB"
    },
    {
      "_id": "vh2fILJjoxS8QsDj",
      "type": "pack",
      "text": "Boomstick (range)",
      "img": "systems/pirateborg/icons/misc/weapon.png",
      "weight": 1,
      "range": [
        2,
        2
      ],
      "drawn": false,
      "flags": {},
      "documentCollection": "pirateborg.class-brute",
      "documentId": "j2IxvcDHsnGVVNNb",
      "_key": "!tables.results!x9ipo0Ut9amT6dYB.vh2fILJjoxS8QsDj"
    },
    {
      "_id": "58beuu6tH4iVTNfS",
      "type": "pack",
      "text": "Blood Frenzy",
      "img": "systems/pirateborg/icons/misc/class-feature.png",
      "weight": 1,
      "range": [
        3,
        3
      ],
      "drawn": false,
      "flags": {},
      "documentCollection": "pirateborg.class-brute",
      "documentId": "FZXm37HkCs8KyETv",
      "_key": "!tables.results!x9ipo0Ut9amT6dYB.58beuu6tH4iVTNfS"
    },
    {
      "_id": "3AdLNAYyhu5qvHHG",
      "type": "pack",
      "text": "Tavern Boxer",
      "img": "systems/pirateborg/icons/misc/weapon.png",
      "weight": 1,
      "range": [
        4,
        4
      ],
      "drawn": false,
      "flags": {},
      "documentCollection": "pirateborg.class-brute",
      "documentId": "ECzX6kt6cDp5vlMm",
      "_key": "!tables.results!x9ipo0Ut9amT6dYB.3AdLNAYyhu5qvHHG"
    },
    {
      "_id": "C0EDFU99qd16efKO",
      "type": "pack",
      "text": "Thick Skinned",
      "img": "systems/pirateborg/icons/misc/class-feature.png",
      "weight": 1,
      "range": [
        5,
        5
      ],
      "drawn": false,
      "flags": {},
      "documentCollection": "pirateborg.class-brute",
      "documentId": "KxOX04r930J39HiU",
      "_key": "!tables.results!x9ipo0Ut9amT6dYB.C0EDFU99qd16efKO"
    },
    {
      "_id": "0QL1KADeX5S4G429",
      "type": "pack",
      "text": "Grog Breath",
      "img": "systems/pirateborg/icons/misc/class-feature.png",
      "weight": 1,
      "range": [
        6,
        6
      ],
      "drawn": false,
      "flags": {},
      "documentCollection": "pirateborg.class-brute",
      "documentId": "uNsmrnbUAMn0Te26",
      "_key": "!tables.results!x9ipo0Ut9amT6dYB.0QL1KADeX5S4G429"
    },
    {
      "_id": "aLrMSe5RhOi1xgKP",
      "type": "pack",
      "text": "Rounds of shot",
      "weight": 1,
      "range": [
        2,
        2
      ],
      "drawn": false,
      "flags": {},
      "img": "systems/pirateborg/icons/equipment/ammo/shot.png",
      "documentCollection": "pirateborg.equipment-ammo",
      "documentId": "RommdiTBhBFNeDBg",
      "_key": "!tables.results!x9ipo0Ut9amT6dYB.aLrMSe5RhOi1xgKP"
    }
  ],
  "formula": "d6",
  "replacement": true,
  "displayRoll": true,
  "folder": null,
  "sort": 0,
  "flags": {},
  "ownership": {
    "default": 0
  },
  "_stats": {
    "coreVersion": "12.331",
    "systemId": null,
    "systemVersion": null,
    "createdTime": null,
    "modifiedTime": null,
    "lastModifiedBy": null,
    "duplicateSource": null
  },
  "_key": "!tables!x9ipo0Ut9amT6dYB"
}
