{
  "_id": "hEke3MaLuICwiPbB",
  "name": "Starting feature",
  "img": "icons/svg/d20-grey.svg",
  "description": "",
  "results": [
    {
      "_id": "OTx9dajYUJ14ZO1U",
      "type": "pack",
      "text": "Brass anchor",
      "img": "systems/pirateborg/icons/misc/weapon.png",
      "weight": 1,
      "range": [
        1,
        1
      ],
      "drawn": false,
      "flags": {},
      "documentCollection": "pirateborg.class-brute",
      "documentId": "JAltE9OMjrWqbScg",
      "_key": "!tables.results!hEke3MaLuICwiPbB.OTx9dajYUJ14ZO1U"
    },
    {
      "_id": "iZPRL320nAVMICOK",
      "type": "pack",
      "text": "Whaling Harpoon",
      "img": "systems/pirateborg/icons/misc/weapon.png",
      "weight": 1,
      "range": [
        2,
        2
      ],
      "drawn": false,
      "flags": {},
      "documentCollection": "pirateborg.class-brute",
      "documentId": "tKz4LJkcrel0Vqaj",
      "_key": "!tables.results!hEke3MaLuICwiPbB.iZPRL320nAVMICOK"
    },
    {
      "_id": "taHSFuRtbQzXiBOn",
      "type": "pack",
      "text": "Meat Cleaver",
      "img": "systems/pirateborg/icons/misc/weapon.png",
      "weight": 1,
      "range": [
        3,
        3
      ],
      "drawn": false,
      "flags": {},
      "documentCollection": "pirateborg.class-brute",
      "documentId": "Js9wTTMz6L7F4WRj",
      "_key": "!tables.results!hEke3MaLuICwiPbB.taHSFuRtbQzXiBOn"
    },
    {
      "_id": "jOr3BMOCaBsscHF5",
      "type": "pack",
      "text": "Part of a Broken Mast",
      "img": "systems/pirateborg/icons/misc/weapon.png",
      "weight": 1,
      "range": [
        4,
        4
      ],
      "drawn": false,
      "flags": {},
      "documentCollection": "pirateborg.class-brute",
      "documentId": "NErfYxFeOyPeccY5",
      "_key": "!tables.results!hEke3MaLuICwiPbB.jOr3BMOCaBsscHF5"
    },
    {
      "_id": "OuxOwLqqhaQiQPdK",
      "type": "pack",
      "text": "Runic machete",
      "img": "systems/pirateborg/icons/misc/weapon.png",
      "weight": 1,
      "range": [
        5,
        5
      ],
      "drawn": false,
      "flags": {},
      "documentCollection": "pirateborg.class-brute",
      "documentId": "puM6lNl5KcjbLYIh",
      "_key": "!tables.results!hEke3MaLuICwiPbB.OuxOwLqqhaQiQPdK"
    },
    {
      "_id": "3ldfXXTnsXoTKGm1",
      "type": "pack",
      "text": "Rotten Cargo Net",
      "img": "systems/pirateborg/icons/misc/weapon.png",
      "weight": 1,
      "range": [
        6,
        6
      ],
      "drawn": false,
      "flags": {},
      "documentCollection": "pirateborg.class-brute",
      "documentId": "VkWVHzTozuYHHtS2",
      "_key": "!tables.results!hEke3MaLuICwiPbB.3ldfXXTnsXoTKGm1"
    },
    {
      "_id": "woq9nQb697RqaMiL",
      "type": "pack",
      "text": "Whaling Harpoon (thrown)",
      "weight": 1,
      "range": [
        2,
        2
      ],
      "drawn": false,
      "flags": {},
      "img": "systems/pirateborg/icons/misc/weapon.png",
      "documentCollection": "pirateborg.class-brute",
      "documentId": "zzwqpvWfvSNjLeqD",
      "_key": "!tables.results!hEke3MaLuICwiPbB.woq9nQb697RqaMiL"
    }
  ],
  "formula": "d6",
  "replacement": true,
  "displayRoll": true,
  "folder": null,
  "sort": 0,
  "flags": {},
  "ownership": {
    "default": 0
  },
  "_stats": {
    "coreVersion": "12.331",
    "systemId": null,
    "systemVersion": null,
    "createdTime": null,
    "modifiedTime": null,
    "lastModifiedBy": null,
    "duplicateSource": null
  },
  "_key": "!tables!hEke3MaLuICwiPbB"
}
