{
  "_id": "BwfsGHWlrIqoJASI",
  "name": "Large sea chest",
  "type": "container",
  "img": "systems/pirateborg/icons/equipment/gear/large-sea-chest.png",
  "items": [],
  "effects": [],
  "folder": null,
  "sort": 0,
  "flags": {},
  "ownership": {
    "default": 0
  },
  "_stats": {
    "coreVersion": "12.331",
    "systemId": null,
    "systemVersion": null,
    "createdTime": null,
    "modifiedTime": null,
    "lastModifiedBy": null,
    "duplicateSource": null
  },
  "system": {
    "description": "",
    "capacity": {
      "max": 20,
      "value": 0
    },
    "price": 50
  },
  "prototypeToken": {
    "actorLink": false,
    "disposition": 0,
    "name": "Backpack",
    "displayName": 0,
    "width": 1,
    "height": 1,
    "lockRotation": false,
    "rotation": 0,
    "alpha": 1,
    "light": {
      "alpha": 0.5,
      "angle": 360,
      "bright": 0,
      "coloration": 1,
      "dim": 0,
      "luminosity": 0.5,
      "saturation": 0,
      "contrast": 0,
      "shadows": 0,
      "animation": {
        "speed": 5,
        "intensity": 5,
        "reverse": false,
        "type": null
      },
      "darkness": {
        "min": 0,
        "max": 1
      },
      "attenuation": 0.5,
      "negative": false,
      "priority": 0,
      "color": null
    },
    "displayBars": 0,
    "bar1": {
      "attribute": "hp"
    },
    "bar2": {
      "attribute": null
    },
    "flags": {},
    "randomImg": false,
    "texture": {
      "src": "systems/pirateborg/icons/equipment/gear/backpack.png",
      "scaleX": 1,
      "scaleY": 1,
      "anchorX": 0.5,
      "anchorY": 0.5,
      "offsetX": 0,
      "offsetY": 0,
      "fit": "contain",
      "rotation": 0,
      "tint": "#ffffff",
      "alphaThreshold": 0.75
    },
    "sight": {
      "angle": 360,
      "enabled": false,
      "range": 0,
      "brightness": 1,
      "visionMode": "basic",
      "color": null,
      "attenuation": 0.1,
      "saturation": 0,
      "contrast": 0
    },
    "appendNumber": false,
    "prependAdjective": false,
    "hexagonalShape": 0,
    "detectionModes": [],
    "occludable": {
      "radius": 0
    },
    "ring": {
      "enabled": false,
      "colors": {
        "ring": null,
        "background": null
      },
      "effects": 1,
      "subject": {
        "scale": 1,
        "texture": null
      }
    }
  },
  "_key": "!actors!BwfsGHWlrIqoJASI"
}
