{
  "_id": "n6X4nrln5NpxBmUu",
  "name": "Clay grenade",
  "type": "misc",
  "img": "systems/pirateborg/icons/equipment/bombs/clay-grenade.png",
  "effects": [],
  "folder": null,
  "sort": 0,
  "flags": {},
  "ownership": {
    "default": 0
  },
  "_stats": {
    "coreVersion": "12.331",
    "systemId": null,
    "systemVersion": null,
    "createdTime": null,
    "modifiedTime": null,
    "lastModifiedBy": null,
    "duplicateSource": null
  },
  "system": {
    "description": "<p><strong>Light fuse, throw the bomb (test Agility DR12)</strong>: Anyone within 5' must test Agility DR12 or take damage.&nbsp;<strong>Crit&nbsp;</strong>: double damage.&nbsp;<strong>Fumble</strong>&nbsp;: hit d4 allies instead.</p>\n<p>2d8 damage</p>",
    "containerSpace": 1,
    "carryWeight": 1,
    "equipped": false,
    "carried": true,
    "price": 15,
    "quantity": 1,
    "actionMacro": "",
    "actionMacroLabel": ""
  },
  "_key": "!items!n6X4nrln5NpxBmUu"
}
