{
  "_id": "jH3xlUj9yxvB064H",
  "name": "Fire pot",
  "type": "misc",
  "img": "systems/pirateborg/icons/equipment/bombs/fire-pot.png",
  "effects": [],
  "folder": null,
  "sort": 0,
  "flags": {},
  "ownership": {
    "default": 0
  },
  "_stats": {
    "coreVersion": "12.331",
    "systemId": null,
    "systemVersion": null,
    "createdTime": null,
    "modifiedTime": null,
    "lastModifiedBy": null,
    "duplicateSource": null
  },
  "system": {
    "description": "<p><strong>Light fuse, throw the bomb (test Agility DR12)</strong>: Anyone within 5' must test Agility DR12 or take damage.&nbsp;<strong>Crit&nbsp;</strong>: double damage.&nbsp;<strong>Fumble</strong>&nbsp;: hit d4 allies instead.</p>\n<p>1d6 damage</p>\n<p>Roll d6 each turn: 1-2 it spreads, 6 the fire goes out.</p>",
    "containerSpace": 1,
    "carryWeight": 1,
    "equipped": false,
    "carried": true,
    "price": 15,
    "quantity": 1,
    "actionMacro": "",
    "actionMacroLabel": ""
  },
  "_key": "!items!jH3xlUj9yxvB064H"
}
