{
  "id": "pirateborg",
  "title": "PIRATE BORG",
  "description": "Foundry VTT system for PIRATE BORG.",
  "version": "v1.1.6",
  "compatibility": {
    "minimum": "12",
    "verified": "13"
  },
  "authors": [
    {
      "name": "Limithron",
      "url": "https://www.limithron.com/"
    }
  ],
  "license": "LICENSE.MB3PL",
  "esmodules": ["module/pirateborg.js"],
  "styles": ["css/editor.css", "css/pirateborg.css"],
  "packs": [
    {
      "name": "containers",
      "label": "Containers",
      "system": "pirateborg",
      "path": "packs/containers",
      "type": "Actor"
    },
    {
      "name": "equipment-melee-weapons",
      "label": "Equipment - Melee weapons",
      "system": "pirateborg",
      "path": "packs/equipment-melee-weapons",
      "type": "Item"
    },
    {
      "name": "equipment-ranged-weapons",
      "label": "Equipment - Ranged weapons",
      "system": "pirateborg",
      "path": "packs/equipment-ranged-weapons",
      "type": "Item"
    },
    {
      "name": "equipment-bombs",
      "label": "Equipment - Bombs",
      "system": "pirateborg",
      "path": "packs/equipment-bombs",
      "type": "Item"
    },
    {
      "name": "equipment-ammo",
      "label": "Equipment - Ammo",
      "system": "pirateborg",
      "path": "packs/equipment-ammo",
      "type": "Item"
    },
    {
      "name": "equipment-gear",
      "label": "Equipment - Gear",
      "system": "pirateborg",
      "path": "packs/equipment-gear",
      "type": "Item"
    },
    {
      "name": "equipment-pets",
      "label": "Equipment - Pets",
      "system": "pirateborg",
      "path": "packs/equipment-pets",
      "type": "Item"
    },
    {
      "name": "equipment-instruments",
      "label": "Equipment - Instruments",
      "system": "pirateborg",
      "path": "packs/equipment-instruments",
      "type": "Item"
    },
    {
      "name": "equipment-clothing-and-armors",
      "label": "Equipment - Clothing and armors",
      "system": "pirateborg",
      "path": "packs/equipment-clothing-and-armors",
      "type": "Item"
    },
    {
      "name": "equipment-hats",
      "label": "Equipment - Hats",
      "system": "pirateborg",
      "path": "packs/equipment-hats",
      "type": "Item"
    },

    {
      "name": "backgrounds",
      "label": "Backgrounds",
      "system": "pirateborg",
      "path": "packs/backgrounds",
      "type": "Item"
    },

    {
      "name": "backgrounds-items",
      "label": "Backgrounds - Items",
      "system": "pirateborg",
      "path": "packs/backgrounds-items",
      "type": "Item"
    },

    {
      "name": "macros-pirateborg",
      "label": "Macros - Pirate Borg",
      "system": "pirateborg",
      "path": "packs/macros-pirateborg",
      "type": "Macro"
    },

    {
      "name": "feature-distinctive-flaws",
      "label": "Feature - Distinctive flaws",
      "system": "pirateborg",
      "path": "packs/feature-distinctive-flaws",
      "type": "Item"
    },
    {
      "name": "feature-physical-trademark",
      "label": "Feature - Physical trademark",
      "system": "pirateborg",
      "path": "packs/feature-physical-trademark",
      "type": "Item"
    },
    {
      "name": "feature-idiosyncrasies",
      "label": "Feature - Idiosyncrasies",
      "system": "pirateborg",
      "path": "packs/feature-idiosyncrasies",
      "type": "Item"
    },
    {
      "name": "feature-unfortunate-incidents-conditions",
      "label": "Feature - Unfortunate incidents & conditions",
      "system": "pirateborg",
      "path": "packs/feature-unfortunate-incidents-conditions",
      "type": "Item"
    },
    {
      "name": "feature-thing-of-importance",
      "label": "Feature - Thing of importance",
      "system": "pirateborg",
      "path": "packs/feature-thing-of-importance",
      "type": "Item"
    },

    {
      "name": "invokable-ancient-relics",
      "label": "Ancient relics",
      "system": "pirateborg",
      "path": "packs/invokable-ancient-relics",
      "type": "Item"
    },
    {
      "name": "invokable-arcane-rituals",
      "label": "Arcane Rituals",
      "system": "pirateborg",
      "path": "packs/invokable-arcane-rituals",
      "type": "Item"
    },

    {
      "name": "macros-ancient-relics",
      "label": "Macros - Ancient relics",
      "system": "pirateborg",
      "path": "packs/macros-ancient-relics",
      "type": "Macro"
    },

    {
      "name": "macros-arcane-rituals",
      "label": "Macros - Arcane Rituals",
      "system": "pirateborg",
      "path": "packs/macros-arcane-rituals",
      "type": "Macro"
    },
    {
      "name": "rolls-character-creation",
      "label": "Rolls - Character creation",
      "system": "pirateborg",
      "path": "packs/rolls-character-creation",
      "type": "RollTable"
    },

    {
      "name": "rolls-gamemaster",
      "label": "Rolls - Gamemaster",
      "system": "pirateborg",
      "path": "packs/rolls-gamemaster",
      "type": "RollTable"
    },

    {
      "name": "ships-features",
      "label": "Ships - Features",
      "system": "pirateborg",
      "path": "packs/ships-features",
      "type": "Item"
    },
    {
      "name": "ships-cargo",
      "label": "Ships - Cargo",
      "system": "pirateborg",
      "path": "packs/ships-cargo",
      "type": "Item"
    },
    {
      "name": "rolls-ships",
      "label": "Rolls - Ships",
      "system": "pirateborg",
      "path": "packs/rolls-ships",
      "type": "RollTable"
    },
    {
      "name": "ships-mystic-shanties",
      "label": "Ships - Mystic Shanties",
      "system": "pirateborg",
      "path": "packs/ships-mystic-shanties",
      "type": "Item"
    },
    {
      "name": "ships",
      "label": "Ships",
      "system": "pirateborg",
      "path": "packs/ships",
      "type": "Actor"
    },
    {
      "name": "ships-npc",
      "label": "Ships NPC",
      "system": "pirateborg",
      "path": "packs/ships-npc",
      "type": "Actor"
    },

    {
      "name": "class-landlubber",
      "label": "Class - Landlubber",
      "system": "pirateborg",
      "path": "packs/class-landlubber",
      "type": "Item"
    },

    {
      "name": "class-brute",
      "label": "Class - Brute",
      "system": "pirateborg",
      "path": "packs/class-brute",
      "type": "Item"
    },
    {
      "name": "rolls-brute",
      "label": "Rolls - Brute",
      "system": "pirateborg",
      "path": "packs/rolls-brute",
      "type": "RollTable"
    },
    {
      "name": "macros-brute",
      "label": "Macros - Brute",
      "system": "pirateborg",
      "path": "packs/macros-brute",
      "type": "Macro"
    },

    {
      "name": "class-rapscallion",
      "label": "Class - Rapscallion",
      "system": "pirateborg",
      "path": "packs/class-rapscallion",
      "type": "Item"
    },
    {
      "name": "rolls-rapscallion",
      "label": "Rolls - Rapscallion",
      "system": "pirateborg",
      "path": "packs/rolls-rapscallion",
      "type": "RollTable"
    },
    {
      "name": "macros-rapscallion",
      "label": "Macros - Rapscallion",
      "system": "pirateborg",
      "path": "packs/macros-rapscallion",
      "type": "Macro"
    },

    {
      "name": "class-buccaneer",
      "label": "Class - Buccaneer",
      "system": "pirateborg",
      "path": "packs/class-buccaneer",
      "type": "Item"
    },
    {
      "name": "rolls-buccaneer",
      "label": "Rolls - Buccaneer",
      "system": "pirateborg",
      "path": "packs/rolls-buccaneer",
      "type": "RollTable"
    },
    {
      "name": "macros-buccaneer",
      "label": "Macros - Buccaneer",
      "system": "pirateborg",
      "path": "packs/macros-buccaneer",
      "type": "Macro"
    },

    {
      "name": "class-swashbuckler",
      "label": "Class - Swashbuckler",
      "system": "pirateborg",
      "path": "packs/class-swashbuckler",
      "type": "Item"
    },
    {
      "name": "rolls-swashbuckler",
      "label": "Rolls - Swashbuckler",
      "system": "pirateborg",
      "path": "packs/rolls-swashbuckler",
      "type": "RollTable"
    },
    {
      "name": "macros-swashbuckler",
      "label": "Macros - Swashbuckler",
      "system": "pirateborg",
      "path": "packs/macros-swashbuckler",
      "type": "Macro"
    },

    {
      "name": "class-zealot",
      "label": "Class - Zealot",
      "system": "pirateborg",
      "path": "packs/class-zealot",
      "type": "Item"
    },
    {
      "name": "rolls-zealot",
      "label": "Rolls - Zealot",
      "system": "pirateborg",
      "path": "packs/rolls-zealot",
      "type": "RollTable"
    },
    {
      "name": "macros-zealot",
      "label": "Macros - Zealot",
      "system": "pirateborg",
      "path": "packs/macros-zealot",
      "type": "Macro"
    },

    {
      "name": "class-sorcerer",
      "label": "Class - Sorcerer",
      "system": "pirateborg",
      "path": "packs/class-sorcerer",
      "type": "Item"
    },
    {
      "name": "rolls-sorcerer",
      "label": "Rolls - Sorcerer",
      "system": "pirateborg",
      "path": "packs/rolls-sorcerer",
      "type": "RollTable"
    },
    {
      "name": "macros-sorcerer",
      "label": "Macros - Sorcerer",
      "system": "pirateborg",
      "path": "packs/macros-sorcerer",
      "type": "Macro"
    },

    {
      "name": "class-tall-tale",
      "label": "Class - Tall Tale",
      "system": "pirateborg",
      "path": "packs/class-tall-tale",
      "type": "Item"
    },
    {
      "name": "rolls-tall-tale",
      "label": "Rolls - Tall Tale",
      "system": "pirateborg",
      "path": "packs/rolls-tall-tale",
      "type": "RollTable"
    },
    {
      "name": "macros-tall-tale",
      "label": "Macros - Tall Tale",
      "system": "pirateborg",
      "path": "packs/macros-tall-tale",
      "type": "Macro"
    },

    {
      "name": "class-haunted-soul",
      "label": "Class - Haunted Soul",
      "system": "pirateborg",
      "path": "packs/class-haunted-soul",
      "type": "Item"
    },
    {
      "name": "rolls-haunted-soul",
      "label": "Rolls - Haunted Soul",
      "system": "pirateborg",
      "path": "packs/rolls-haunted-soul",
      "type": "RollTable"
    },
    {
      "name": "macros-haunted-soul",
      "label": "Macros - Haunted Soul",
      "system": "pirateborg",
      "path": "packs/macros-haunted-soul",
      "type": "Macro"
    }
  ],
  "packFolders": [
    {
      "name": "Pirate Borg System",
      "sorting": "a",
      "packs": [
        "macros-pirateborg",
        "invokable-ancient-relics",
        "invokable-arcane-rituals",
        "macros-ancient-relics",
        "macros-arcane-rituals",
        "rolls-gamemaster"
      ],
      "folders": [
        {
          "name": "Characters",
          "packs": [
            "class-landlubber",
            "class-brute",
            "rolls-brute",
            "macros-brute",
            "class-rapscallion",
            "rolls-rapscallion",
            "macros-rapscallion",
            "class-buccaneer",
            "rolls-buccaneer",
            "macros-buccaneer",
            "class-swashbuckler",
            "rolls-swashbuckler",
            "macros-swashbuckler",
            "class-zealot",
            "rolls-zealot",
            "macros-zealot",
            "class-sorcerer",
            "rolls-sorcerer",
            "macros-sorcerer",
            "class-tall-tale",
            "rolls-tall-tale",
            "macros-tall-tale",
            "class-haunted-soul",
            "rolls-haunted-soul",
            "macros-haunted-soul",
            "rolls-character-creation",
            "backgrounds",
            "backgrounds-items"
          ],
          "folders": [
            {
              "name": "Equipment",
                "packs": [
                  "containers",
                  "equipment-melee-weapons",
                  "equipment-ranged-weapons",
                  "equipment-bombs",
                  "equipment-ammo",
                  "equipment-gear",
                  "equipment-pets",
                  "equipment-instruments",
                  "equipment-clothing-and-armors",
                  "equipment-hats"
                ]
            },
            {
              "name": "Features",
                "packs": [
                  "feature-distinctive-flaws",
                  "feature-physical-trademark",
                  "feature-idiosyncrasies",
                  "feature-unfortunate-incidents-conditions",
                  "feature-thing-of-importance"
                ]
            }
          ]
        },
        {
          "name": "Ships",
          "packs": [
            "ships-features",
            "ships-cargo",
            "rolls-ships",
            "ships-mystic-shanties",
            "ships",
            "ships-npc"
          ]
        }
      ]
    }
  ],
  "languages": [
    {
      "lang": "en",
      "name": "English",
      "path": "lang/en.json"
    },
    {
      "lang": "pl",
      "name": "Polski",
      "path": "lang/pl.json"
    },
    {
      "lang": "fr",
      "name": "Français",
      "path": "lang/fr.json"
    }
  ],
  "socket": true,
  "initiative": "1d6",
  "grid": {
    "distance": 5,
    "units": "ft"
  },
  "flags": {
    "allowBugReporter": true,
    "hotReload": {
      "extensions": [
        "css",
        "hbs"
      ],
      "paths": [
        "css",
        "templates"
      ]
    }
  },
  "primaryTokenAttribute": "attributes.hp",
  "secondaryTokenAttribute": null,
  "background": "systems/pirateborg/ui/pirate-borg.png",
  "url": "https://github.com/Limithron-Foundry-VTT/pirate-borg-system",
  "manifest": "https://github.com/Limithron-Foundry-VTT/pirate-borg-system/releases/latest/download/system.json",
  "download": "https://github.com/Limithron-Foundry-VTT/pirate-borg-system/releases/latest/download/system.zip",
  "changelog": "https://raw.githubusercontent.com/Limithron-Foundry-VTT/pirate-borg-system/main/CHANGELOG.md"
}
