{
  "Actor": {
    "types": ["character", "container", "creature", "vehicle", "vehicle_npc"],
    "templates": {
      "common": {},
      "vehicle": {
        "description": "",
        "special": "",
        "abilities": {
          "agility": {
            "value": 0
          },
          "skill": {
            "value": 0
          }
        },
        "attributes": {
          "hp": {
            "value": 1,
            "max": 1
          },
          "speed": {
            "max": 0,
            "value": 1
          },
          "cargo": {
            "max": 0,
            "value": 0
          },
          "crew": {
            "min": 0,
            "max": 1,
            "value": 0
          },
          "hull": {
            "min": 0,
            "max": 0,
            "value": 0
          },
          "shanties": {
            "min": 0,
            "max": 0,
            "value": 0
          }
        },
        "weapons": {
          "smallArms": {
            "die": "",
            "quantity": 0,
            "warning": ""
          },
          "broadsides": {
            "die": "",
            "quantity": 0,
            "warning": ""
          },
          "ram": {
            "die": ""
          }
        }
      }
    },
    "character": {
      "description": "",
      "silver": 0,
      "baseClass": "",
      "abilities": {
        "agility": {
          "value": 0
        },
        "presence": {
          "value": 0
        },
        "strength": {
          "value": 0
        },
        "toughness": {
          "value": 0
        },
        "spirit": {
          "value": 0
        }
      },
      "attributes": {
        "hp": {
          "max": 1,
          "value": 1
        },
        "luck": {
          "min": 0,
          "max": 0,
          "value": 0
        },
        "rituals": {
          "min": 0,
          "max": 0,
          "value": 0
        },
        "extraResource": {
          "min": 0,
          "max": 0,
          "value": 0
        },
        "carryingModifier": {
          "value": 8
        },
        "combat": {
          "attackBonus": 0,
          "defenseBonus": 0,
          "initiativeBonus": 0,
          "damageBonus": 0,
          "armorTierBonus": 0
        }
      }
    },
    "container": {
      "description": "",
      "capacity": {
        "max": 0,
        "value": 0
      },
      "price": 0
    },
    "creature": {
      "description": "",
      "special": "",
      "attributes": {
        "hp": {
          "max": 1,
          "value": 1
        },
        "speed": {
          "min": 0,
          "max": 6,
          "value": 6
        },
        "armor": {
          "formula": "0",
          "description": ""
        },
        "attack": {
          "formula": "1d2",
          "description": ""
        },
        "morale": 7
      }
    },
    "vehicle": {
      "templates": ["vehicle"]
    },
    "vehicle_npc": {
      "templates": ["vehicle"]
    }
  },
  "Item": {
    "types": ["weapon", "misc", "ammo", "container", "armor", "hat", "invokable", "background", "feature", "class", "cargo", "shanty"],
    "templates": {
      "equipment": {
        "description": "",
        "containerSpace": 1,
        "carryWeight": 1,
        "equipped": false,
        "carried": true,
        "price": 0,
        "quantity": 1,
        "actionMacro": "",
        "actionMacroLabel": ""
      }
    },
    "weapon": {
      "templates": ["equipment"],
      "damageDie": "1d1",
      "critOn": 20,
      "critExtraDamage": "",
      "handed": 1,
      "fumbleOn": 1,
      "usesAmmo": false,
      "useAmmoDamage": false,
      "weaponType": "melee",
      "isGunpowderWeapon": false,
      "needsReloading": false,
      "reloadTime": 1,
      "loadingCount": 0
    },
    "misc": {
      "templates": ["equipment"]
    },
    "ammo": {
      "templates": ["equipment"],
      "damageDie": ""
    },
    "container": {
      "templates": ["equipment"],
      "capacity": 1
    },
    "armor": {
      "templates": ["equipment"],
      "tier": {
        "min": 0,
        "max": 1,
        "value": 1
      }
    },
    "hat": {
      "templates": ["equipment"],
      "reduceDamage": false,
      "ruleText": ""
    },
    "invokable": {
      "templates": ["equipment"],
      "invokableType": "",
      "isEquipment": true,
      "maxQuantity": 1
    },
    "shanty": {
      "description": "",
      "actionMacro": "",
      "actionMacroLabel": ""
    },
    "background": {
      "description": "",
      "startingGold": "2d6 * 10",
      "quantity": 1,
      "startingBonusItems": "",
      "startingBonusRolls": ""
    },
    "feature": {
      "description": "",
      "featureType": "",
      "maxQuantity": 1,
      "quantity": 1,
      "actionMacro": "",
      "actionMacroLabel": "",
      "startingBonusItems": "",
      "startingBonusRolls": "",
      "flavorText": ""
    },
    "class": {
      "description": "",
      "flavorText": "",

      "luckDie": "1d2",

      "startingArmorTableFormula": "1d10",
      "startingWeaponTableFormula": "1d10",
      "startingHatTableFormula": "1d12",

      "startingAbilityScoreFormula": "3d6",
      "startingAgilityBonus": 0,
      "startingPresenceBonus": 0,
      "startingStrengthBonus": 0,
      "startingToughnessBonus": 0,
      "startingSpiritBonus": 0,

      "startingHitPoints": "1d10",

      "startingItems": null,
      "startingRolls": null,
      "startingMacro": null,
      "gettingBetterRolls": null,
      "gettingBetterMacro": null,

      "useExtraResource": false,
      "extraResourceNameSingular": null,
      "extraResourceNamePlural": null,
      "extraResourceFormula": null,
      "extraResourceFormulaLabel": null,

      "extraResourceTestFormula": null,
      "extraResourceTestFormulaLabel": null,

      "requireBaseClass": false,
      "isBaseClass": false,
      "characterGeneratorMacro": ""
    },
    "cargo": {
      "description": "",
      "value": 0
    }
  }
}
