{
  "_id": "tyvwJdRpz5gzlquR",
  "name": "Ailments",
  "img": "icons/svg/d20-grey.svg",
  "results": [
    {
      "_id": "4OO4XWagD3ieEd3X",
      "type": "pack",
      "text": "Ghost",
      "weight": 1,
      "range": [
        1,
        1
      ],
      "drawn": false,
      "flags": {},
      "img": "systems/pirateborg/icons/misc/class-feature.png",
      "documentCollection": "pirateborg.class-haunted-soul",
      "documentId": "m4Wt3GrEca8LYbUJ",
      "_key": "!tables.results!tyvwJdRpz5gzlquR.4OO4XWagD3ieEd3X"
    },
    {
      "_id": "AGbbofJyJuqE6L2i",
      "type": "pack",
      "text": "Conduit",
      "weight": 1,
      "range": [
        2,
        2
      ],
      "drawn": false,
      "flags": {},
      "img": "systems/pirateborg/icons/misc/class-feature.png",
      "documentCollection": "pirateborg.class-haunted-soul",
      "documentId": "2yZ7NAt6feE7KKTF",
      "_key": "!tables.results!tyvwJdRpz5gzlquR.AGbbofJyJuqE6L2i"
    },
    {
      "_id": "dFAAmV12vaNjxt6v",
      "type": "pack",
      "text": "Eldritch Mind",
      "weight": 1,
      "range": [
        3,
        3
      ],
      "drawn": false,
      "flags": {},
      "img": "systems/pirateborg/icons/misc/class-feature.png",
      "documentCollection": "pirateborg.class-haunted-soul",
      "documentId": "w8cDjHMWKoS2ZQRl",
      "_key": "!tables.results!tyvwJdRpz5gzlquR.dFAAmV12vaNjxt6v"
    },
    {
      "_id": "7cINvbCV3XJ7TYPA",
      "type": "pack",
      "text": "Zombie",
      "weight": 1,
      "range": [
        4,
        4
      ],
      "drawn": false,
      "flags": {},
      "img": "systems/pirateborg/icons/misc/class-feature.png",
      "documentCollection": "pirateborg.class-haunted-soul",
      "documentId": "mTbonlttaA0EMUZr",
      "_key": "!tables.results!tyvwJdRpz5gzlquR.7cINvbCV3XJ7TYPA"
    },
    {
      "_id": "QbEv0SPWQNxvd9NE",
      "type": "pack",
      "text": "Vampirism",
      "weight": 1,
      "range": [
        5,
        5
      ],
      "drawn": false,
      "flags": {},
      "img": "systems/pirateborg/icons/misc/class-feature.png",
      "documentCollection": "pirateborg.class-haunted-soul",
      "documentId": "OclojnYs2EJAieEh",
      "_key": "!tables.results!tyvwJdRpz5gzlquR.QbEv0SPWQNxvd9NE"
    },
    {
      "_id": "EldpCMDUeom8li4p",
      "type": "pack",
      "text": "Skeleton",
      "weight": 1,
      "range": [
        6,
        6
      ],
      "drawn": false,
      "flags": {},
      "img": "systems/pirateborg/icons/misc/class-feature.png",
      "documentCollection": "pirateborg.class-haunted-soul",
      "documentId": "NpzNqsyHT7pLi4AU",
      "_key": "!tables.results!tyvwJdRpz5gzlquR.EldpCMDUeom8li4p"
    }
  ],
  "formula": "d6",
  "replacement": true,
  "displayRoll": true,
  "folder": null,
  "sort": 0,
  "flags": {},
  "ownership": {
    "default": 0
  },
  "_stats": {
    "coreVersion": "12.331",
    "systemId": null,
    "systemVersion": null,
    "createdTime": null,
    "modifiedTime": null,
    "lastModifiedBy": null,
    "duplicateSource": null
  },
  "description": "",
  "_key": "!tables!tyvwJdRpz5gzlquR"
}
