{
  "_id": "uMFtG3p9fuaMJzKU",
  "name": "Crown of the Sunken Lord",
  "type": "invokable",
  "img": "/modules/pirate-borg-premium/Icons/Relics/artifact-crown-of-the-sunken-lord.webp",
  "effects": [],
  "folder": null,
  "sort": 0,
  "flags": {},
  "system": {
    "description": "<p>A water shield surrounds you. -d2 protection for d2+SPIRIT rounds (in addition to armor)</p>",
    "containerSpace": 1,
    "carryWeight": 1,
    "equipped": false,
    "carried": true,
    "price": 0,
    "quantity": 1,
    "actionMacro": "",
    "actionMacroLabel": "",
    "invokableType": "Ancient Relic",
    "isEquipment": true,
    "maxQuantity": 1
  },
  "ownership": {
    "default": 0
  },
  "_stats": {
    "systemId": "pirateborg",
    "systemVersion": "v0.6.13",
    "coreVersion": "12.331",
    "createdTime": null,
    "modifiedTime": 1704604931948,
    "lastModifiedBy": "pbbuilder0000000",
    "duplicateSource": null
  },
  "_key": "!items!uMFtG3p9fuaMJzKU"
}
