{
  "_id": "ZAOlmwTxlX4xVLQp",
  "name": "Crystalline Skull",
  "type": "invokable",
  "img": "/modules/pirate-borg-premium/Icons/Relics/artifact-crystaline-skull.webp",
  "effects": [],
  "folder": null,
  "sort": 0,
  "flags": {},
  "system": {
    "description": "<p>The skull can hear &amp; repeat the thoughts of a nearby creature for d6+SPIRIT minutes.</p>",
    "containerSpace": 1,
    "carryWeight": 1,
    "equipped": false,
    "carried": true,
    "price": 0,
    "quantity": 1,
    "actionMacro": "",
    "actionMacroLabel": "",
    "invokableType": "Ancient Relic",
    "isEquipment": true,
    "maxQuantity": 1
  },
  "ownership": {
    "default": 0
  },
  "_stats": {
    "systemId": "pirateborg",
    "systemVersion": "v0.6.13",
    "coreVersion": "12.331",
    "createdTime": null,
    "modifiedTime": 1704604931951,
    "lastModifiedBy": "pbbuilder0000000",
    "duplicateSource": null
  },
  "_key": "!items!ZAOlmwTxlX4xVLQp"
}
