{
  "_id": "UPJIy6ndkc3asTca",
  "name": "Cup of the Carpenter",
  "type": "invokable",
  "img": "/modules/pirate-borg-premium/Icons/Relics/artifact-cup-of-the-carpenter.webp",
  "effects": [],
  "folder": null,
  "sort": 0,
  "flags": {},
  "system": {
    "description": "<p>Choose a creature to regain d6+SPIRIT hp</p>",
    "containerSpace": 1,
    "carryWeight": 1,
    "equipped": false,
    "carried": true,
    "price": 0,
    "quantity": 1,
    "actionMacro": "",
    "actionMacroLabel": "",
    "invokableType": "Ancient Relic",
    "isEquipment": true,
    "maxQuantity": 1
  },
  "ownership": {
    "default": 0
  },
  "_stats": {
    "systemId": "pirateborg",
    "systemVersion": "v0.6.13",
    "coreVersion": "12.331",
    "createdTime": null,
    "modifiedTime": 1704604931955,
    "lastModifiedBy": "pbbuilder0000000",
    "duplicateSource": null
  },
  "_key": "!items!UPJIy6ndkc3asTca"
}
