{
  "_id": "z0NrPZILh67xY5YE",
  "name": "Heart of the Sea",
  "type": "invokable",
  "img": "/modules/pirate-borg-premium/Icons/Relics/artifact-heart-of-the-sea.webp",
  "effects": [],
  "folder": null,
  "sort": 0,
  "flags": {},
  "system": {
    "description": "<p>Create or destroy 15 gallons water or 30 square feet of fog.</p>",
    "containerSpace": 1,
    "carryWeight": 1,
    "equipped": false,
    "carried": true,
    "price": 0,
    "quantity": 1,
    "actionMacro": "",
    "actionMacroLabel": "",
    "invokableType": "Ancient Relic",
    "isEquipment": true,
    "maxQuantity": 1
  },
  "ownership": {
    "default": 0
  },
  "_stats": {
    "systemId": "pirateborg",
    "systemVersion": "v0.6.13",
    "coreVersion": "12.331",
    "createdTime": null,
    "modifiedTime": 1704604931973,
    "lastModifiedBy": "pbbuilder0000000",
    "duplicateSource": null
  },
  "_key": "!items!z0NrPZILh67xY5YE"
}
