{
  "_id": "By3b67C1TaTpduqG",
  "name": "Map Inked in Ectoplasm",
  "type": "invokable",
  "img": "/modules/pirate-borg-premium/Icons/Relics/artifact-map-inked-in-ectoplasm.webp",
  "effects": [],
  "folder": null,
  "sort": 0,
  "flags": {},
  "system": {
    "description": "<p>Learn the location of all traps and secret doors within 30' for d4+SPIRIT rounds.</p>",
    "containerSpace": 1,
    "carryWeight": 1,
    "equipped": false,
    "carried": true,
    "price": 0,
    "quantity": 1,
    "actionMacro": "",
    "actionMacroLabel": "",
    "invokableType": "Ancient Relic",
    "isEquipment": true,
    "maxQuantity": 1
  },
  "ownership": {
    "default": 0
  },
  "_stats": {
    "systemId": "pirateborg",
    "systemVersion": "v0.6.13",
    "coreVersion": "12.331",
    "createdTime": null,
    "modifiedTime": 1704604931988,
    "lastModifiedBy": "pbbuilder0000000",
    "duplicateSource": null
  },
  "_key": "!items!By3b67C1TaTpduqG"
}
