{
  "_id": "5BysSMhBMUK8Wq2g",
  "name": "Skeleton Key",
  "type": "invokable",
  "img": "/modules/pirate-borg-premium/Icons/Relics/artifact-skeleton-key.webp",
  "effects": [],
  "folder": null,
  "sort": 0,
  "flags": {},
  "system": {
    "description": "<p>Open any door or lock. Crumbles after 1 use.</p>\n<p>&nbsp;</p>",
    "containerSpace": 1,
    "carryWeight": 1,
    "equipped": false,
    "carried": true,
    "price": 0,
    "quantity": 1,
    "actionMacro": "",
    "actionMacroLabel": "",
    "invokableType": "Ancient Relic",
    "isEquipment": true,
    "maxQuantity": 1
  },
  "ownership": {
    "default": 0
  },
  "_stats": {
    "systemId": "pirateborg",
    "systemVersion": "v0.6.13",
    "coreVersion": "12.331",
    "createdTime": null,
    "modifiedTime": 1704604932021,
    "lastModifiedBy": "pbbuilder0000000",
    "duplicateSource": null
  },
  "_key": "!items!5BysSMhBMUK8Wq2g"
}
