{
  "_id": "ADo01WjiofBtxra7",
  "name": "Lizard",
  "type": "misc",
  "img": "systems/pirateborg/icons/equipment/pets/lizard.png",
  "effects": [],
  "folder": null,
  "sort": 0,
  "flags": {},
  "ownership": {
    "default": 0
  },
  "_stats": {
    "coreVersion": "12.331",
    "systemId": null,
    "systemVersion": null,
    "createdTime": null,
    "modifiedTime": null,
    "lastModifiedBy": null,
    "duplicateSource": null
  },
  "system": {
    "description": "",
    "containerSpace": 0,
    "carryWeight": 0,
    "equipped": false,
    "carried": true,
    "price": 0,
    "quantity": 1,
    "actionMacro": null,
    "actionMacroLabel": null
  },
  "_key": "!items!ADo01WjiofBtxra7"
}
