{
  "_id": "QXNQEg9fH2FBZguz",
  "name": "Bandolier",
  "type": "container",
  "img": "systems/pirateborg/icons/equipment/gear/belt-pouch.png",
  "effects": [],
  "folder": null,
  "sort": 0,
  "flags": {},
  "ownership": {
    "default": 0
  },
  "_stats": {
    "coreVersion": "12.331",
    "systemId": null,
    "systemVersion": null,
    "createdTime": null,
    "modifiedTime": null,
    "lastModifiedBy": null,
    "duplicateSource": null
  },
  "system": {
    "description": "<p>Carry 6 small-sized items</p>",
    "containerSpace": 1,
    "carryWeight": 1,
    "equipped": false,
    "carried": true,
    "price": 4,
    "quantity": 1,
    "actionMacro": "",
    "actionMacroLabel": "",
    "capacity": 6
  },
  "_key": "!items!QXNQEg9fH2FBZguz"
}
