{
  "_id": "cxWwsiEZfe4aHXDy",
  "name": "Failed mutineer or Successful mutineer.",
  "type": "feature",
  "img": "systems/pirateborg/icons/misc/incident.png",
  "effects": [],
  "folder": null,
  "sort": 0,
  "flags": {},
  "ownership": {
    "default": 0
  },
  "_stats": {
    "coreVersion": "12.331",
    "systemId": null,
    "systemVersion": null,
    "createdTime": null,
    "modifiedTime": null,
    "lastModifiedBy": null,
    "duplicateSource": null
  },
  "system": {
    "description": "<p>[d2] 1: Failed mutineer. 2: Successful mutineer.</p>",
    "featureType": "Unfortunate Incidents & Conditions",
    "maxQuantity": null,
    "quantity": 1,
    "actionMacro": null,
    "actionMacroLabel": null,
    "startingBonusItems": "",
    "startingBonusRolls": "",
    "flavorText": ""
  },
  "_key": "!items!cxWwsiEZfe4aHXDy"
}
