{
  "_id": "OaZqsLg3Vfz97SQq",
  "name": "You stole a ship. The owner wants your money or your head, but will settle for both.",
  "type": "feature",
  "img": "systems/pirateborg/icons/misc/incident.png",
  "effects": [],
  "folder": null,
  "sort": 0,
  "flags": {},
  "ownership": {
    "default": 0
  },
  "_stats": {
    "coreVersion": "12.331",
    "systemId": null,
    "systemVersion": null,
    "createdTime": null,
    "modifiedTime": null,
    "lastModifiedBy": null,
    "duplicateSource": null
  },
  "system": {
    "description": "<p>You stole a ship. The owner wants your money or your head, but will settle for both.</p>",
    "featureType": "Unfortunate Incidents & Conditions",
    "maxQuantity": null,
    "quantity": 1,
    "actionMacro": null,
    "actionMacroLabel": null,
    "startingBonusItems": "",
    "startingBonusRolls": "",
    "flavorText": ""
  },
  "_key": "!items!OaZqsLg3Vfz97SQq"
}
