{
  "_id": "7aZ76s6mVAOaJX7i",
  "name": "You betrayed former crewmates. Now they hunt you",
  "type": "feature",
  "img": "systems/pirateborg/icons/misc/incident.png",
  "effects": [],
  "folder": null,
  "sort": 0,
  "flags": {},
  "ownership": {
    "default": 0
  },
  "_stats": {
    "coreVersion": "12.331",
    "systemId": null,
    "systemVersion": null,
    "createdTime": null,
    "modifiedTime": null,
    "lastModifiedBy": null,
    "duplicateSource": null
  },
  "system": {
    "description": "<p>You betrayed former crew mates. Now they hunt you</p>",
    "featureType": "Unfortunate Incidents & Conditions",
    "maxQuantity": null,
    "quantity": 1,
    "actionMacro": "",
    "actionMacroLabel": "",
    "startingBonusItems": "",
    "startingBonusRolls": "",
    "flavorText": ""
  },
  "_key": "!items!7aZ76s6mVAOaJX7i"
}
