{
  "_id": "Yu4Zs5KwQ3BeTgdH",
  "name": "You are a known pirate. You face the gallows if caught.",
  "type": "feature",
  "img": "systems/pirateborg/icons/misc/incident.png",
  "effects": [],
  "folder": null,
  "sort": 0,
  "flags": {},
  "ownership": {
    "default": 0
  },
  "_stats": {
    "coreVersion": "12.331",
    "systemId": null,
    "systemVersion": null,
    "createdTime": null,
    "modifiedTime": null,
    "lastModifiedBy": null,
    "duplicateSource": null
  },
  "system": {
    "description": "<p>You are a known pirate. You face the gallows if caught.</p>",
    "featureType": "Unfortunate Incidents & Conditions",
    "maxQuantity": null,
    "quantity": 1,
    "actionMacro": null,
    "actionMacroLabel": null,
    "startingBonusItems": "",
    "startingBonusRolls": "",
    "flavorText": ""
  },
  "_key": "!items!Yu4Zs5KwQ3BeTgdH"
}
