{
  "_id": "r09jstSYhJ9ZAjvQ",
  "name": "Your last crew was killed by undead. They let you live on purpose.",
  "type": "feature",
  "img": "systems/pirateborg/icons/misc/incident.png",
  "effects": [],
  "folder": null,
  "sort": 0,
  "flags": {},
  "ownership": {
    "default": 0
  },
  "_stats": {
    "coreVersion": "12.331",
    "systemId": null,
    "systemVersion": null,
    "createdTime": null,
    "modifiedTime": null,
    "lastModifiedBy": null,
    "duplicateSource": null
  },
  "system": {
    "description": "<p>Your last crew was killed by undead. They let you live on purpose.</p>",
    "featureType": "Unfortunate Incidents & Conditions",
    "maxQuantity": null,
    "quantity": 1,
    "actionMacro": null,
    "actionMacroLabel": null,
    "startingBonusItems": "",
    "startingBonusRolls": "",
    "flavorText": ""
  },
  "_key": "!items!r09jstSYhJ9ZAjvQ"
}
