{
  "_id": "gc515LVQKxsIf53o",
  "name": "Bilge Rat - Diseased Bite",
  "type": "weapon",
  "img": "systems/pirateborg/icons/classes/tall-tale/bilge-rat.png",
  "effects": [],
  "folder": null,
  "sort": 0,
  "flags": {},
  "ownership": {
    "default": 0
  },
  "_stats": {
    "coreVersion": "12.331",
    "systemId": null,
    "systemVersion": null,
    "createdTime": null,
    "modifiedTime": null,
    "lastModifiedBy": null,
    "duplicateSource": null
  },
  "system": {
    "description": "<p>&nbsp;1 in 6 chance the target dies in d4 rounds from whatever disease you are carrying.</p>",
    "containerSpace": 0,
    "carryWeight": 0,
    "equipped": false,
    "carried": true,
    "price": 0,
    "quantity": 1,
    "actionMacro": "",
    "actionMacroLabel": "",
    "damageDie": "1d2",
    "critOn": 20,
    "critExtraDamage": "",
    "handed": "1",
    "fumbleOn": 1,
    "usesAmmo": false,
    "useAmmoDamage": false,
    "weaponType": "melee",
    "isGunpowderWeapon": false,
    "needsReloading": false,
    "reloadTime": 1,
    "loadingCount": 0
  },
  "_key": "!items!gc515LVQKxsIf53o"
}
