{
  "_id": "WsNJPvaU4ZhZJ1MY",
  "name": "Crab",
  "type": "feature",
  "img": "systems/pirateborg/tokens/crab.png",
  "effects": [],
  "folder": null,
  "sort": 0,
  "flags": {},
  "ownership": {
    "default": 0
  },
  "_stats": {
    "coreVersion": "12.331",
    "systemId": null,
    "systemVersion": null,
    "createdTime": null,
    "modifiedTime": null,
    "lastModifiedBy": null,
    "duplicateSource": null
  },
  "system": {
    "description": "<p>Pincher: d6.</p>",
    "featureType": "Class",
    "maxQuantity": 1,
    "quantity": 1,
    "actionMacro": "",
    "actionMacroLabel": "",
    "startingBonusItems": "pirateborg.class-tall-tale;Crab - Pincher",
    "startingBonusRolls": "",
    "flavorText": ""
  },
  "_key": "!items!WsNJPvaU4ZhZJ1MY"
}
