{
  "_id": "GGf7XeEppvQ7j6BX",
  "name": "Electric Eel",
  "type": "feature",
  "img": "systems/pirateborg/tokens/electric-eel.png",
  "effects": [],
  "folder": null,
  "sort": 0,
  "flags": {},
  "ownership": {
    "default": 0
  },
  "_stats": {
    "coreVersion": "12.331",
    "systemId": null,
    "systemVersion": null,
    "createdTime": null,
    "modifiedTime": null,
    "lastModifiedBy": null,
    "duplicateSource": null
  },
  "system": {
    "description": "<p>+1 to Agility. Electric skin: d6.</p>",
    "featureType": "Class",
    "maxQuantity": 1,
    "quantity": 1,
    "actionMacro": "",
    "actionMacroLabel": "",
    "startingBonusItems": "pirateborg.class-tall-tale;Electric Eel - Electric skin",
    "startingBonusRolls": "",
    "flavorText": ""
  },
  "_key": "!items!GGf7XeEppvQ7j6BX"
}
