{
  "_id": "tzRkbIPOTs3NZTho",
  "name": "Jellyfish",
  "type": "feature",
  "img": "systems/pirateborg/tokens/jellyfish.png",
  "effects": [],
  "folder": null,
  "sort": 0,
  "flags": {},
  "ownership": {
    "default": 0
  },
  "_stats": {
    "coreVersion": "12.331",
    "systemId": null,
    "systemVersion": null,
    "createdTime": null,
    "modifiedTime": null,
    "lastModifiedBy": null,
    "duplicateSource": null
  },
  "system": {
    "description": "<p>Tendril: d2 &amp; Stun 1 round, 10 foot reach.</p>",
    "featureType": "Class",
    "maxQuantity": 1,
    "quantity": 1,
    "actionMacro": "",
    "actionMacroLabel": "",
    "startingBonusItems": "pirateborg.class-tall-tale;Jellyfish - Tendril",
    "startingBonusRolls": "",
    "flavorText": ""
  },
  "_key": "!items!tzRkbIPOTs3NZTho"
}
