{
  "_id": "X3vmZDImpRpX3c0p",
  "name": "Lucky Parrot - Beak Peck",
  "type": "weapon",
  "img": "systems/pirateborg/icons/classes/tall-tale/lucky-parrot.png",
  "effects": [],
  "folder": null,
  "sort": 0,
  "flags": {},
  "ownership": {
    "default": 0
  },
  "_stats": {
    "coreVersion": "12.331",
    "systemId": null,
    "systemVersion": null,
    "createdTime": null,
    "modifiedTime": null,
    "lastModifiedBy": null,
    "duplicateSource": null
  },
  "system": {
    "description": "",
    "containerSpace": 0,
    "carryWeight": 0,
    "equipped": false,
    "carried": true,
    "price": 0,
    "quantity": 1,
    "actionMacro": "",
    "actionMacroLabel": "",
    "damageDie": "1d4",
    "critOn": 20,
    "critExtraDamage": "",
    "handed": "1",
    "fumbleOn": 1,
    "usesAmmo": false,
    "useAmmoDamage": false,
    "weaponType": "melee",
    "isGunpowderWeapon": false,
    "needsReloading": false,
    "reloadTime": 1,
    "loadingCount": 0
  },
  "_key": "!items!X3vmZDImpRpX3c0p"
}
