{
  "_id": "tK62n6rppvk6QxPk",
  "name": "Octopus",
  "type": "feature",
  "img": "systems/pirateborg/tokens/octopus.png",
  "effects": [],
  "folder": null,
  "sort": 0,
  "flags": {},
  "ownership": {
    "default": 0
  },
  "_stats": {
    "coreVersion": "12.331",
    "systemId": null,
    "systemVersion": null,
    "createdTime": null,
    "modifiedTime": null,
    "lastModifiedBy": null,
    "duplicateSource": null
  },
  "system": {
    "description": "<p>Tentacles: 2d4.</p>",
    "featureType": "Class",
    "maxQuantity": 1,
    "quantity": 1,
    "actionMacro": "",
    "actionMacroLabel": "",
    "startingBonusItems": "pirateborg.class-tall-tale;Octopus - Tentacles",
    "startingBonusRolls": "",
    "flavorText": ""
  },
  "_key": "!items!tK62n6rppvk6QxPk"
}
