{
  "_id": "eFihUJ3xVpEWIlhu",
  "name": "Shark",
  "type": "feature",
  "img": "systems/pirateborg/tokens/shark.png",
  "effects": [],
  "folder": null,
  "sort": 0,
  "flags": {},
  "ownership": {
    "default": 0
  },
  "_stats": {
    "coreVersion": "12.331",
    "systemId": null,
    "systemVersion": null,
    "createdTime": null,
    "modifiedTime": null,
    "lastModifiedBy": null,
    "duplicateSource": null
  },
  "system": {
    "description": "<p>Bite: d8</p>",
    "featureType": "Class",
    "maxQuantity": 1,
    "quantity": 1,
    "actionMacro": "",
    "actionMacroLabel": "",
    "startingBonusItems": "pirateborg.class-tall-tale;Shark - Bite",
    "startingBonusRolls": "",
    "flavorText": ""
  },
  "_key": "!items!eFihUJ3xVpEWIlhu"
}
