{
  "_id": "TDsJBLUG3b0P868Z",
  "name": "Tall Tale",
  "type": "class",
  "img": "systems/pirateborg/tokens/tell-tale.png",
  "effects": [],
  "folder": null,
  "sort": 0,
  "flags": {},
  "ownership": {
    "default": 0
  },
  "system": {
    "description": "<p>You are a Merfolk, an Aquatic Mutant or a Sentient Animal</p>",
    "flavorText": "You are a Merfolk, an Aquatic Mutant or a Sentient Animal",
    "luckDie": "",
    "startingArmorTableFormula": "",
    "startingWeaponTableFormula": "",
    "startingHatTableFormula": "",
    "startingAbilityScoreFormula": "",
    "startingAgilityBonus": "",
    "startingPresenceBonus": "",
    "startingStrengthBonus": "",
    "startingToughnessBonus": "",
    "startingSpiritBonus": "",
    "startingHitPoints": "",
    "startingItems": "",
    "startingRolls": "",
    "startingMacro": "",
    "gettingBetterRolls": "",
    "gettingBetterMacro": "",
    "useExtraResource": false,
    "extraResourceNameSingular": "",
    "extraResourceNamePlural": "",
    "extraResourceFormula": "",
    "extraResourceFormulaLabel": "",
    "extraResourceTestFormula": "",
    "extraResourceTestFormulaLabel": "",
    "requireBaseClass": true,
    "isBaseClass": false,
    "characterGeneratorMacro": "pirateborg.macros-tall-tale;Character creation",
    "startingAbilityScoreFormula ": "3d6",
    "startingAgilityBonus ": 0,
    "startingPresenceBonus ": 0,
    "startingStrengthBonus ": 0,
    "startingToughnessBonus ": 0,
    "startingSpiritBonus ": 0,
    "skipCharacterGenerator": false
  },
  "_stats": {
    "systemId": "pirateborg",
    "systemVersion": "v1.0.8-v13",
    "coreVersion": "12.331",
    "createdTime": null,
    "modifiedTime": 1743027431040,
    "lastModifiedBy": "pbbuilder0000000",
    "duplicateSource": null
  },
  "_key": "!items!TDsJBLUG3b0P868Z"
}
