{
  "_id": "Q6As123ncIeUKQRI",
  "name": "The Great Old One",
  "type": "feature",
  "img": "systems/pirateborg/tokens/the-great-old-one.png",
  "effects": [],
  "folder": null,
  "sort": 0,
  "flags": {},
  "ownership": {
    "default": 0
  },
  "_stats": {
    "coreVersion": "12.331",
    "systemId": null,
    "systemVersion": null,
    "createdTime": null,
    "modifiedTime": null,
    "lastModifiedBy": null,
    "duplicateSource": null
  },
  "system": {
    "description": "<p>Learn one random Arcane Ritual.</p>",
    "featureType": "Class",
    "maxQuantity": 1,
    "quantity": 1,
    "actionMacro": "",
    "actionMacroLabel": "",
    "startingBonusItems": "",
    "startingBonusRolls": "pirateborg.rolls-character-creation;d20 Arcane rituals",
    "flavorText": ""
  },
  "_key": "!items!Q6As123ncIeUKQRI"
}
