{
  "_id": "Cm2jkb05Xy1IOUY4",
  "name": "Cursed",
  "type": "feature",
  "img": "systems/pirateborg/icons/misc/ailment.png",
  "effects": [],
  "folder": null,
  "sort": 0,
  "flags": {},
  "ownership": {
    "default": 0
  },
  "_stats": {
    "coreVersion": "12.331",
    "systemId": null,
    "systemVersion": null,
    "createdTime": null,
    "modifiedTime": null,
    "lastModifiedBy": null,
    "duplicateSource": null
  },
  "system": {
    "description": "<p>Cursed: visibly part skeleton ghost/water/flames/coral</p>",
    "featureType": "Physical Trademark",
    "maxQuantity": null,
    "quantity": 1,
    "actionMacro": "",
    "actionMacroLabel": "",
    "startingBonusItems": "",
    "startingBonusRolls": "",
    "flavorText": ""
  },
  "_key": "!items!Cm2jkb05Xy1IOUY4"
}
