{
  "_id": "eB6kNaOS4qE8Kyvs",
  "name": "Gaunt & frail",
  "type": "feature",
  "img": "systems/pirateborg/icons/misc/ailment.png",
  "effects": [],
  "folder": null,
  "sort": 0,
  "flags": {},
  "ownership": {
    "default": 0
  },
  "_stats": {
    "coreVersion": "12.331",
    "systemId": null,
    "systemVersion": null,
    "createdTime": null,
    "modifiedTime": null,
    "lastModifiedBy": null,
    "duplicateSource": null
  },
  "system": {
    "description": "<p>Gaunt &amp; frail</p>",
    "featureType": "Physical Trademark",
    "maxQuantity": null,
    "quantity": 1,
    "actionMacro": "",
    "actionMacroLabel": "",
    "startingBonusItems": "",
    "startingBonusRolls": "",
    "flavorText": ""
  },
  "_key": "!items!eB6kNaOS4qE8Kyvs"
}
