{
  "_id": "opWND0HzQaG5Ygfe",
  "name": "Matted, dreaded hair",
  "type": "feature",
  "img": "systems/pirateborg/icons/misc/ailment.png",
  "effects": [],
  "folder": null,
  "sort": 0,
  "flags": {},
  "ownership": {
    "default": 0
  },
  "_stats": {
    "coreVersion": "12.331",
    "systemId": null,
    "systemVersion": null,
    "createdTime": null,
    "modifiedTime": null,
    "lastModifiedBy": null,
    "duplicateSource": null
  },
  "system": {
    "description": "<p>Matted, dreaded hair</p>",
    "featureType": "Physical Trademark",
    "maxQuantity": null,
    "quantity": 1,
    "actionMacro": null,
    "actionMacroLabel": null,
    "startingBonusItems": "",
    "startingBonusRolls": "",
    "flavorText": ""
  },
  "_key": "!items!opWND0HzQaG5Ygfe"
}
