{
  "_id": "gdSstJD7IFRLWPIr",
  "name": "Man of War",
  "type": "vehicle_npc",
  "img": "systems/pirateborg/icons/misc/ship.png",
  "items": [],
  "effects": [],
  "folder": null,
  "sort": 0,
  "flags": {
    "pirateborg": {
      "attackDR": "12",
      "targetArmor": "0"
    }
  },
  "ownership": {
    "default": 0
  },
  "_stats": {
    "coreVersion": "12.331",
    "systemId": null,
    "systemVersion": null,
    "createdTime": null,
    "modifiedTime": null,
    "lastModifiedBy": null,
    "duplicateSource": null
  },
  "system": {
    "description": "<p>Designed for naval combat, but requires a large, trained crew. Used almost exclusively by navies.</p>",
    "special": "",
    "abilities": {
      "agility": {
        "value": -2
      },
      "skill": {
        "value": 2
      },
      "strength": {
        "value": 2
      }
    },
    "attributes": {
      "hp": {
        "value": 75,
        "max": 75
      },
      "speed": {
        "max": 3,
        "value": 1
      },
      "cargo": {
        "max": 4,
        "value": 0
      },
      "crew": {
        "min": 50,
        "max": 150,
        "value": 50
      },
      "hull": {
        "min": 0,
        "max": 3,
        "value": 3
      },
      "shanties": {
        "min": 0,
        "max": 0,
        "value": 0
      }
    },
    "weapons": {
      "smallArms": {
        "die": "d8",
        "quantity": 1,
        "warning": ""
      },
      "broadsides": {
        "die": "d8",
        "quantity": 3,
        "warning": "Makes 3 broadsides when > 2/3 HP; 2 > 1/3 HP"
      },
      "ram": {
        "die": "d8"
      }
    },
    "hp": {
      "max": 75,
      "value": 75
    },
    "speed": {
      "max": 4,
      "value": 1
    },
    "cargo": {
      "max": 4,
      "value": 0
    },
    "crew": {
      "min": 50,
      "max": 150,
      "value": 150
    },
    "hull": {
      "min": 0,
      "max": 3,
      "value": 3
    },
    "shanties": {
      "min": 0,
      "max": 0,
      "value": 0
    },
    "smallArmsDie": "d8",
    "smallArmsQuantity": 1,
    "smallArmsWarning": "",
    "broadsidesDie": "d8",
    "broadsidesQuantity": 3,
    "broadsidesWarning": "Makes 3 broadsides when > 2/3 hp; 2 > 1/3 hp.",
    "ramDie": "d8"
  },
  "prototypeToken": {
    "actorLink": false,
    "disposition": -1,
    "name": "Man of War",
    "displayName": 0,
    "width": 1,
    "height": 1,
    "lockRotation": false,
    "rotation": 0,
    "alpha": 1,
    "light": {
      "alpha": 0.5,
      "angle": 360,
      "bright": 20,
      "coloration": 1,
      "dim": 40,
      "luminosity": 0.5,
      "saturation": 0,
      "contrast": 0,
      "shadows": 0,
      "animation": {
        "speed": 5,
        "intensity": 5,
        "reverse": false,
        "type": null
      },
      "darkness": {
        "min": 0,
        "max": 1
      },
      "color": null,
      "attenuation": 0.5,
      "negative": false,
      "priority": 0
    },
    "displayBars": 0,
    "bar1": {
      "attribute": "hp"
    },
    "bar2": {
      "attribute": null
    },
    "flags": {},
    "randomImg": false,
    "texture": {
      "src": "systems/pirateborg/icons/misc/ship.png",
      "tint": "#ffffff",
      "scaleX": 1,
      "scaleY": 1,
      "anchorX": 0.5,
      "anchorY": 0.5,
      "offsetX": 0,
      "offsetY": 0,
      "fit": "contain",
      "rotation": 0,
      "alphaThreshold": 0.75
    },
    "sight": {
      "angle": 360,
      "enabled": false,
      "range": 0,
      "brightness": 1,
      "visionMode": "basic",
      "color": null,
      "attenuation": 0.1,
      "saturation": 0,
      "contrast": 0
    },
    "appendNumber": false,
    "prependAdjective": false,
    "hexagonalShape": 0,
    "detectionModes": [],
    "occludable": {
      "radius": 0
    },
    "ring": {
      "enabled": false,
      "colors": {
        "ring": null,
        "background": null
      },
      "effects": 1,
      "subject": {
        "scale": 1,
        "texture": null
      }
    }
  },
  "_key": "!actors!gdSstJD7IFRLWPIr"
}
