{
  "_id": "VUZ32Ta2ZPB0Kmz3",
  "name": "Commune",
  "type": "invokable",
  "img": "systems/pirateborg/icons/classes/zealot/prayer.png",
  "effects": [],
  "folder": null,
  "sort": 0,
  "flags": {},
  "ownership": {
    "default": 0
  },
  "_stats": {
    "coreVersion": "12.331",
    "systemId": null,
    "systemVersion": null,
    "createdTime": null,
    "modifiedTime": null,
    "lastModifiedBy": null,
    "duplicateSource": null
  },
  "system": {
    "description": "<p>Test Spirit DR8: Asketh thy deity a singular &ldquo;yay\" or &ldquo;nay\" query. Thy response may be &ldquo;unclear&rdquo; or thou may receiveth no answer</p>",
    "containerSpace": 0,
    "carryWeight": 0,
    "equipped": false,
    "carried": true,
    "price": 0,
    "quantity": 1,
    "actionMacro": "",
    "actionMacroLabel": "",
    "invokableType": "Prayers",
    "isEquipment": false,
    "maxQuantity": 1
  },
  "_key": "!items!VUZ32Ta2ZPB0Kmz3"
}
