{
  "_id": "BlLQRk8elb7XiUqG",
  "name": "Holy Protection",
  "type": "invokable",
  "img": "systems/pirateborg/icons/classes/zealot/prayer.png",
  "effects": [],
  "folder": null,
  "sort": 0,
  "flags": {},
  "ownership": {
    "default": 0
  },
  "_stats": {
    "coreVersion": "12.331",
    "systemId": null,
    "systemVersion": null,
    "createdTime": null,
    "modifiedTime": null,
    "lastModifiedBy": null,
    "duplicateSource": null
  },
  "system": {
    "description": "<p>Thou or thine ally gets -4 to DRs to defend for one attack. Use this at any time, including after a roll (does not taketh thy action)</p>",
    "containerSpace": 0,
    "carryWeight": 0,
    "equipped": false,
    "carried": true,
    "price": 0,
    "quantity": 1,
    "actionMacro": "",
    "actionMacroLabel": "",
    "invokableType": "Prayers",
    "isEquipment": false,
    "maxQuantity": 1
  },
  "_key": "!items!BlLQRk8elb7XiUqG"
}
