{
  "name": "The Church",
  "type": "feature",
  "img": "systems/pirateborg/icons/classes/sorcerer/serve.png",
  "effects": [],
  "folder": null,
  "sort": 0,
  "flags": {},
  "_id": "uEFgubQ4BgWmCyGM",
  "ownership": {
    "default": 0
  },
  "_stats": {
    "coreVersion": "12.331",
    "systemId": null,
    "systemVersion": null,
    "createdTime": null,
    "modifiedTime": null,
    "lastModifiedBy": null,
    "duplicateSource": null
  },
  "system": {
    "description": "<p>Whom dost thou serve? The Church</p>",
    "featureType": "Whom dost thou serve?",
    "maxQuantity": 1,
    "quantity": 1,
    "actionMacro": "",
    "actionMacroLabel": "",
    "startingBonusItems": "",
    "startingBonusRolls": "",
    "flavorText": ""
  },
  "_key": "!items!uEFgubQ4BgWmCyGM"
}
