{
  "_id": "jKzDWPzHK170ZFAC",
  "name": "Zealot",
  "type": "class",
  "img": "systems/pirateborg/tokens/zealot.png",
  "effects": [],
  "folder": null,
  "sort": 0,
  "flags": {},
  "ownership": {
    "default": 0
  },
  "_stats": {
    "coreVersion": "12.331",
    "systemId": null,
    "systemVersion": null,
    "createdTime": null,
    "modifiedTime": null,
    "lastModifiedBy": null,
    "duplicateSource": null
  },
  "system": {
    "description": "<p>A clergy member, cultist, shaman, or believer.</p>\n<p>Thou may use ancient relics and arcane rituals whilst wearing medium armor (tier 2 or lower).</p>\n<p>&nbsp;</p>",
    "flavorText": "A clergy member, cultist, shaman, or believer.",
    "luckDie": "1d4",
    "startingArmorTableFormula": "1d8",
    "startingWeaponTableFormula": "1d8",
    "startingHatTableFormula": "",
    "startingAbilityScoreFormula": "3d6",
    "startingAgilityBonus": "-1",
    "startingPresenceBonus": "",
    "startingStrengthBonus": "",
    "startingToughnessBonus": "-1",
    "startingSpiritBonus": "+2",
    "startingHitPoints": "1d8",
    "startingItems": "pirateborg.class-zealot;Armored Caster",
    "startingRolls": "pirateborg.rolls-zealot;Prayers;1\npirateborg.rolls-zealot;Whom dost thou serve?;1",
    "startingMacro": "",
    "gettingBetterRolls": "pirateborg.rolls-zealot;Prayers;1",
    "gettingBetterMacro": "",
    "useExtraResource": true,
    "extraResourceNameSingular": "Prayer",
    "extraResourceNamePlural": "Prayers",
    "extraResourceFormula": "1d2 + @abilities.spirit.value",
    "extraResourceFormulaLabel": "d2 + Spirit times per day",
    "extraResourceTestFormula": "",
    "extraResourceTestFormulaLabel": "",
    "requireBaseClass": false,
    "isBaseClass": false,
    "characterGeneratorMacro": ""
  },
  "_key": "!items!jKzDWPzHK170ZFAC"
}
