{
  "_id": "lpHSSqvkhizFb3Gb",
  "name": "d10 Starting weapons",
  "img": "icons/svg/d20-grey.svg",
  "description": "",
  "results": [
    {
      "_id": "aQHFBAjbnYdEEbvw",
      "type": "pack",
      "text": "Marlinspike or Belaying Pin",
      "weight": 1,
      "range": [
        1,
        1
      ],
      "drawn": false,
      "flags": {},
      "img": "icons/svg/d20-grey.svg",
      "documentCollection": "pirateborg.rolls-character-creation",
      "documentId": "PVGvOalsFs8BNfkw",
      "_key": "!tables.results!lpHSSqvkhizFb3Gb.aQHFBAjbnYdEEbvw"
    },
    {
      "_id": "pE74w55JyNgSAxhb",
      "type": "pack",
      "text": "Knife or Bayonet",
      "weight": 1,
      "range": [
        2,
        2
      ],
      "drawn": false,
      "flags": {},
      "img": "icons/svg/d20-grey.svg",
      "documentCollection": "pirateborg.rolls-character-creation",
      "documentId": "ZyerDHAWhG1buYEK",
      "_key": "!tables.results!lpHSSqvkhizFb3Gb.pE74w55JyNgSAxhb"
    },
    {
      "_id": "NHh9yzXlWy5TjFBN",
      "type": "pack",
      "text": "Smallsword or Machete",
      "weight": 1,
      "range": [
        3,
        3
      ],
      "drawn": false,
      "flags": {},
      "img": "icons/svg/d20-grey.svg",
      "documentCollection": "pirateborg.rolls-character-creation",
      "documentId": "xi3UyD2W0uSLuaoP",
      "_key": "!tables.results!lpHSSqvkhizFb3Gb.NHh9yzXlWy5TjFBN"
    },
    {
      "_id": "2zB3RZGALxajDNYV",
      "type": "pack",
      "text": "Cat O' Nine Tails",
      "weight": 1,
      "range": [
        4,
        4
      ],
      "drawn": false,
      "flags": {},
      "img": "systems/pirateborg/icons/equipment/melee-weapons/cat-o-nine-tails.png",
      "documentCollection": "pirateborg.equipment-melee-weapons",
      "documentId": "UcyBKljMZDh2c6IB",
      "_key": "!tables.results!lpHSSqvkhizFb3Gb.2zB3RZGALxajDNYV"
    },
    {
      "_id": "b5L5Cz7F2Gz8LFci",
      "type": "pack",
      "text": "Boarding axe",
      "weight": 1,
      "range": [
        5,
        5
      ],
      "drawn": false,
      "flags": {},
      "img": "systems/pirateborg/icons/equipment/melee-weapons/boarding-axe.png",
      "documentCollection": "pirateborg.equipment-melee-weapons",
      "documentId": "yYBHEzvh1fQwV9LV",
      "_key": "!tables.results!lpHSSqvkhizFb3Gb.b5L5Cz7F2Gz8LFci"
    },
    {
      "_id": "gdigFjplgsiDfYh2",
      "type": "pack",
      "text": "Cutlass",
      "weight": 1,
      "range": [
        6,
        6
      ],
      "drawn": false,
      "flags": {},
      "img": "systems/pirateborg/icons/equipment/melee-weapons/cutlass.png",
      "documentCollection": "pirateborg.equipment-melee-weapons",
      "documentId": "YTJvNchjtXYP8kdG",
      "_key": "!tables.results!lpHSSqvkhizFb3Gb.gdigFjplgsiDfYh2"
    },
    {
      "_id": "5B4T0HYWGAv5HMyC",
      "type": "pack",
      "text": "Flintlock pistol",
      "weight": 1,
      "range": [
        7,
        7
      ],
      "drawn": false,
      "flags": {},
      "img": "systems/pirateborg/icons/equipment/ranged-weapons/flintlock-pistol.png",
      "documentCollection": "pirateborg.equipment-ranged-weapons",
      "documentId": "KVXOXcFxBvlL1KCp",
      "_key": "!tables.results!lpHSSqvkhizFb3Gb.5B4T0HYWGAv5HMyC"
    },
    {
      "_id": "rd21Rne2EvKaitpq",
      "type": "pack",
      "text": "Finely crafted rapier",
      "weight": 1,
      "range": [
        8,
        8
      ],
      "drawn": false,
      "flags": {},
      "img": "systems/pirateborg/icons/equipment/melee-weapons/finely-crafted-rapier.png",
      "documentCollection": "pirateborg.equipment-melee-weapons",
      "documentId": "Xj1gzA03E5n69ZPa",
      "_key": "!tables.results!lpHSSqvkhizFb3Gb.rd21Rne2EvKaitpq"
    },
    {
      "_id": "FdgEVLTvkQn2UVOx",
      "type": "pack",
      "text": "Boarding pike",
      "weight": 1,
      "range": [
        9,
        9
      ],
      "drawn": false,
      "flags": {},
      "img": "systems/pirateborg/icons/equipment/melee-weapons/boarding-pike.png",
      "documentCollection": "pirateborg.equipment-melee-weapons",
      "documentId": "hMbP2VDldPOgnlCd",
      "_key": "!tables.results!lpHSSqvkhizFb3Gb.FdgEVLTvkQn2UVOx"
    },
    {
      "_id": "yGwepaUz7lz4tG6d",
      "type": "pack",
      "text": "Musket",
      "weight": 1,
      "range": [
        10,
        10
      ],
      "drawn": false,
      "flags": {},
      "img": "systems/pirateborg/icons/equipment/ranged-weapons/musket.png",
      "documentCollection": "pirateborg.equipment-ranged-weapons",
      "documentId": "J8egg1CcpZyOKBpw",
      "_key": "!tables.results!lpHSSqvkhizFb3Gb.yGwepaUz7lz4tG6d"
    },
    {
      "_id": "32GQrV8GsLrno0Ym",
      "type": "pack",
      "text": "Rounds of shot",
      "weight": 1,
      "range": [
        7,
        7
      ],
      "drawn": false,
      "flags": {},
      "img": "systems/pirateborg/icons/equipment/ammo/shot.png",
      "documentCollection": "pirateborg.equipment-ammo",
      "documentId": "RommdiTBhBFNeDBg",
      "_key": "!tables.results!lpHSSqvkhizFb3Gb.32GQrV8GsLrno0Ym"
    },
    {
      "_id": "W1GhGRAXXQOSOw5V",
      "type": "text",
      "text": "quantity: 10",
      "weight": 1,
      "range": [
        7,
        7
      ],
      "drawn": false,
      "flags": {},
      "img": "icons/svg/d20-black.svg",
      "documentId": null,
      "_key": "!tables.results!lpHSSqvkhizFb3Gb.W1GhGRAXXQOSOw5V"
    },
    {
      "_id": "0eWtDRtxA8oBbusJ",
      "type": "pack",
      "text": "Rounds of shot",
      "weight": 1,
      "range": [
        10,
        10
      ],
      "drawn": false,
      "flags": {},
      "img": "systems/pirateborg/icons/equipment/ammo/shot.png",
      "documentCollection": "pirateborg.equipment-ammo",
      "documentId": "RommdiTBhBFNeDBg",
      "_key": "!tables.results!lpHSSqvkhizFb3Gb.0eWtDRtxA8oBbusJ"
    },
    {
      "_id": "1NTIyqcBLbhKitEn",
      "type": "text",
      "text": "quantity: 10",
      "weight": 1,
      "range": [
        10,
        10
      ],
      "drawn": false,
      "flags": {},
      "img": "icons/svg/d20-black.svg",
      "documentId": null,
      "_key": "!tables.results!lpHSSqvkhizFb3Gb.1NTIyqcBLbhKitEn"
    }
  ],
  "formula": "d10",
  "replacement": true,
  "displayRoll": true,
  "folder": null,
  "sort": 0,
  "flags": {},
  "ownership": {
    "default": 0
  },
  "_stats": {
    "coreVersion": "12.331",
    "systemId": null,
    "systemVersion": null,
    "createdTime": null,
    "modifiedTime": null,
    "lastModifiedBy": null,
    "duplicateSource": null
  },
  "_key": "!tables!lpHSSqvkhizFb3Gb"
}
