{
  "_id": "5LnpMiTEgxAqUtow",
  "name": "d10 Instruments",
  "img": "icons/svg/d20-grey.svg",
  "description": "Instruments",
  "results": [
    {
      "text": "Concertina",
      "type": "pack",
      "img": "systems/pirateborg/icons/equipment/gear/musical-instrument.png",
      "weight": 1,
      "range": [
        1,
        1
      ],
      "drawn": false,
      "_id": "w6dwien8eof3l8n7",
      "flags": {},
      "documentCollection": "pirateborg.equipment-instruments",
      "documentId": "V0dB0Fq4ZtAITHRu",
      "_key": "!tables.results!5LnpMiTEgxAqUtow.w6dwien8eof3l8n7"
    },
    {
      "text": "Drum",
      "type": "pack",
      "img": "systems/pirateborg/icons/equipment/gear/musical-instrument.png",
      "weight": 1,
      "range": [
        2,
        2
      ],
      "drawn": false,
      "_id": "zm9t0utzep82xqln",
      "flags": {},
      "documentCollection": "pirateborg.equipment-instruments",
      "documentId": "XQ1VAfDxa5Wz0DMx",
      "_key": "!tables.results!5LnpMiTEgxAqUtow.zm9t0utzep82xqln"
    },
    {
      "text": "Flute",
      "type": "pack",
      "img": "systems/pirateborg/icons/equipment/gear/musical-instrument.png",
      "weight": 1,
      "range": [
        3,
        3
      ],
      "drawn": false,
      "_id": "87gkujuhvolsplmm",
      "flags": {},
      "documentCollection": "pirateborg.equipment-instruments",
      "documentId": "ms9h28N1UBJCg2yb",
      "_key": "!tables.results!5LnpMiTEgxAqUtow.87gkujuhvolsplmm"
    },
    {
      "text": "Fiddle",
      "type": "pack",
      "img": "systems/pirateborg/icons/equipment/gear/musical-instrument.png",
      "weight": 1,
      "range": [
        4,
        4
      ],
      "drawn": false,
      "_id": "1sq0ehuizxazt6dh",
      "flags": {},
      "documentCollection": "pirateborg.equipment-instruments",
      "documentId": "LQGrUJMPdsvFvnts",
      "_key": "!tables.results!5LnpMiTEgxAqUtow.1sq0ehuizxazt6dh"
    },
    {
      "text": "Banjo",
      "type": "pack",
      "img": "systems/pirateborg/icons/equipment/gear/musical-instrument.png",
      "weight": 1,
      "range": [
        5,
        5
      ],
      "drawn": false,
      "_id": "en9w1wo1cntmtu9m",
      "flags": {},
      "documentCollection": "pirateborg.equipment-instruments",
      "documentId": "OJbhqszMWJBlqaXa",
      "_key": "!tables.results!5LnpMiTEgxAqUtow.en9w1wo1cntmtu9m"
    },
    {
      "text": "Horn",
      "type": "pack",
      "img": "systems/pirateborg/icons/equipment/gear/musical-instrument.png",
      "weight": 1,
      "range": [
        6,
        6
      ],
      "drawn": false,
      "_id": "aqvip72qlak4k0mw",
      "flags": {},
      "documentCollection": "pirateborg.equipment-instruments",
      "documentId": "SMBMDAUjTYv89FBm",
      "_key": "!tables.results!5LnpMiTEgxAqUtow.aqvip72qlak4k0mw"
    },
    {
      "text": "Hurdy-gurdy",
      "type": "pack",
      "img": "systems/pirateborg/icons/equipment/gear/musical-instrument.png",
      "weight": 1,
      "range": [
        7,
        7
      ],
      "drawn": false,
      "_id": "pr7kp8ipspei7cok",
      "flags": {},
      "documentCollection": "pirateborg.equipment-instruments",
      "documentId": "23E2WIpYnGCEB2PC",
      "_key": "!tables.results!5LnpMiTEgxAqUtow.pr7kp8ipspei7cok"
    },
    {
      "text": "Guitar",
      "type": "pack",
      "img": "systems/pirateborg/icons/equipment/gear/musical-instrument.png",
      "weight": 1,
      "range": [
        8,
        8
      ],
      "drawn": false,
      "_id": "zhhvwszxiedsw3f9",
      "flags": {},
      "documentCollection": "pirateborg.equipment-instruments",
      "documentId": "Mkp5VugSa2ayQd6w",
      "_key": "!tables.results!5LnpMiTEgxAqUtow.zhhvwszxiedsw3f9"
    },
    {
      "text": "Mandolin",
      "type": "pack",
      "img": "systems/pirateborg/icons/equipment/gear/musical-instrument.png",
      "weight": 1,
      "range": [
        9,
        9
      ],
      "drawn": false,
      "_id": "hqm8h3l6lhvkbqvj",
      "flags": {},
      "documentCollection": "pirateborg.equipment-instruments",
      "documentId": "lrFhWVlsYOXIxVeY",
      "_key": "!tables.results!5LnpMiTEgxAqUtow.hqm8h3l6lhvkbqvj"
    },
    {
      "text": "Voice of an angel",
      "type": "pack",
      "img": "systems/pirateborg/icons/equipment/gear/musical-instrument.png",
      "weight": 1,
      "range": [
        10,
        10
      ],
      "drawn": false,
      "_id": "i5wtq8a7bv2tigzl",
      "flags": {},
      "documentCollection": "pirateborg.equipment-instruments",
      "documentId": "rkw5WvBSr8Hk7T9d",
      "_key": "!tables.results!5LnpMiTEgxAqUtow.i5wtq8a7bv2tigzl"
    }
  ],
  "formula": "1d10",
  "replacement": true,
  "displayRoll": true,
  "folder": null,
  "sort": 0,
  "flags": {},
  "ownership": {
    "default": 0
  },
  "_stats": {
    "coreVersion": "12.331",
    "systemId": null,
    "systemVersion": null,
    "createdTime": null,
    "modifiedTime": null,
    "lastModifiedBy": null,
    "duplicateSource": null
  },
  "_key": "!tables!5LnpMiTEgxAqUtow"
}
