{
  "_id": "xmidqWr39OSvzIad",
  "name": "d10 Pets",
  "img": "icons/svg/d20-grey.svg",
  "description": "Pets",
  "results": [
    {
      "text": "Snake",
      "type": "pack",
      "img": "systems/pirateborg/icons/equipment/pets/snake.png",
      "weight": 1,
      "range": [
        1,
        1
      ],
      "drawn": false,
      "_id": "nh04egy0hb0vy0sg",
      "flags": {},
      "documentCollection": "pirateborg.equipment-pets",
      "documentId": "67AoLwu1evs8aBeO",
      "_key": "!tables.results!xmidqWr39OSvzIad.nh04egy0hb0vy0sg"
    },
    {
      "text": "Rat",
      "type": "pack",
      "img": "systems/pirateborg/icons/equipment/pets/rat.png",
      "weight": 1,
      "range": [
        2,
        2
      ],
      "drawn": false,
      "_id": "4ud3z3yobdjjrkkn",
      "flags": {},
      "documentCollection": "pirateborg.equipment-pets",
      "documentId": "GUtagFMIrE42FrGc",
      "_key": "!tables.results!xmidqWr39OSvzIad.4ud3z3yobdjjrkkn"
    },
    {
      "text": "Lizard",
      "type": "pack",
      "img": "systems/pirateborg/icons/equipment/pets/lizard.png",
      "weight": 1,
      "range": [
        3,
        3
      ],
      "drawn": false,
      "_id": "cs3jj2dr96fd2kdc",
      "flags": {},
      "documentCollection": "pirateborg.equipment-pets",
      "documentId": "ADo01WjiofBtxra7",
      "_key": "!tables.results!xmidqWr39OSvzIad.cs3jj2dr96fd2kdc"
    },
    {
      "text": "Cat",
      "type": "pack",
      "img": "systems/pirateborg/icons/equipment/pets/cat.png",
      "weight": 1,
      "range": [
        6,
        6
      ],
      "drawn": false,
      "_id": "x8jl7efv9f7wdbln",
      "flags": {},
      "documentCollection": "pirateborg.equipment-pets",
      "documentId": "X9R5ECSLIqV7QyOZ",
      "_key": "!tables.results!xmidqWr39OSvzIad.x8jl7efv9f7wdbln"
    },
    {
      "text": "Hawk",
      "type": "pack",
      "img": "systems/pirateborg/icons/equipment/pets/hawk.png",
      "weight": 1,
      "range": [
        8,
        8
      ],
      "drawn": false,
      "_id": "2dyagk4wtmfyakxt",
      "flags": {},
      "documentCollection": "pirateborg.equipment-pets",
      "documentId": "skZGjLZo6iKoLUNW",
      "_key": "!tables.results!xmidqWr39OSvzIad.2dyagk4wtmfyakxt"
    },
    {
      "text": "Dog",
      "type": "pack",
      "img": "systems/pirateborg/icons/equipment/pets/dog.png",
      "weight": 1,
      "range": [
        7,
        7
      ],
      "drawn": false,
      "_id": "k0jxqmck4gp2mxrt",
      "flags": {},
      "documentCollection": "pirateborg.equipment-pets",
      "documentId": "qKehKNpSuZRddDYJ",
      "_key": "!tables.results!xmidqWr39OSvzIad.k0jxqmck4gp2mxrt"
    },
    {
      "text": "Monkey",
      "type": "pack",
      "img": "systems/pirateborg/icons/equipment/pets/monkey.png",
      "weight": 1,
      "range": [
        4,
        4
      ],
      "drawn": false,
      "_id": "6xqt9p8brc9fwy42",
      "flags": {},
      "documentCollection": "pirateborg.equipment-pets",
      "documentId": "C7uvNw9eMWLglqtt",
      "_key": "!tables.results!xmidqWr39OSvzIad.6xqt9p8brc9fwy42"
    },
    {
      "text": "Parrot",
      "type": "pack",
      "img": "systems/pirateborg/icons/equipment/pets/parrot.png",
      "weight": 1,
      "range": [
        5,
        5
      ],
      "drawn": false,
      "_id": "7lu5rom0sr52k4mj",
      "flags": {},
      "documentCollection": "pirateborg.equipment-pets",
      "documentId": "aQUU4fd0Gj7W318U",
      "_key": "!tables.results!xmidqWr39OSvzIad.7lu5rom0sr52k4mj"
    },
    {
      "text": "Hermit crab",
      "type": "pack",
      "img": "systems/pirateborg/icons/equipment/pets/hermit-crab.png",
      "weight": 1,
      "range": [
        9,
        9
      ],
      "drawn": false,
      "_id": "g24k4qa6zdh7byxi",
      "flags": {},
      "documentCollection": "pirateborg.equipment-pets",
      "documentId": "oEvsRegi51Eo18if",
      "_key": "!tables.results!xmidqWr39OSvzIad.g24k4qa6zdh7byxi"
    },
    {
      "text": "Fish in a jar",
      "type": "pack",
      "img": "systems/pirateborg/icons/equipment/pets/fish.png",
      "weight": 1,
      "range": [
        10,
        10
      ],
      "drawn": false,
      "_id": "evrkdq5c536vasbc",
      "flags": {},
      "documentCollection": "pirateborg.equipment-pets",
      "documentId": "548x2lnYoID0eWxb",
      "_key": "!tables.results!xmidqWr39OSvzIad.evrkdq5c536vasbc"
    }
  ],
  "formula": "1d10",
  "replacement": true,
  "displayRoll": true,
  "folder": null,
  "sort": 0,
  "flags": {},
  "ownership": {
    "default": 0
  },
  "_stats": {
    "coreVersion": "12.331",
    "systemId": null,
    "systemVersion": null,
    "createdTime": null,
    "modifiedTime": null,
    "lastModifiedBy": null,
    "duplicateSource": null
  },
  "_key": "!tables!xmidqWr39OSvzIad"
}
