{
  "_id": "2yLUPRUQ3zrvb7Fd",
  "name": "d10 Starting clothing & armor",
  "img": "icons/svg/d20-grey.svg",
  "description": "",
  "results": [
    {
      "_id": "sKadWDomalBGcWK3",
      "type": "pack",
      "text": "Rags",
      "weight": 1,
      "range": [
        1,
        2
      ],
      "drawn": false,
      "flags": {},
      "img": "systems/pirateborg/icons/equipment/armors/rags.png",
      "documentCollection": "pirateborg.equipment-clothing-and-armors",
      "documentId": "MVBYDVxRPP2gbpou",
      "_key": "!tables.results!2yLUPRUQ3zrvb7Fd.sKadWDomalBGcWK3"
    },
    {
      "_id": "VaOZuhgq93UBBU1B",
      "type": "pack",
      "text": "Common clothes",
      "weight": 1,
      "range": [
        3,
        4
      ],
      "drawn": false,
      "flags": {},
      "img": "systems/pirateborg/icons/equipment/armors/common-clothes.png",
      "documentCollection": "pirateborg.equipment-clothing-and-armors",
      "documentId": "A9KiPk8tYsigSiVG",
      "_key": "!tables.results!2yLUPRUQ3zrvb7Fd.VaOZuhgq93UBBU1B"
    },
    {
      "_id": "jpIS5HUsI6QtM5rJ",
      "type": "pack",
      "text": "Old uniform",
      "weight": 1,
      "range": [
        5,
        5
      ],
      "drawn": false,
      "flags": {},
      "img": "systems/pirateborg/icons/equipment/armors/old-uniform.png",
      "documentCollection": "pirateborg.equipment-clothing-and-armors",
      "documentId": "7hLixvuL9S6mXREu",
      "_key": "!tables.results!2yLUPRUQ3zrvb7Fd.jpIS5HUsI6QtM5rJ"
    },
    {
      "_id": "KMVEKCgVYK56tht6",
      "type": "pack",
      "text": "Fancy clothes",
      "weight": 1,
      "range": [
        6,
        6
      ],
      "drawn": false,
      "flags": {},
      "img": "systems/pirateborg/icons/equipment/armors/fancy-clothes.png",
      "documentCollection": "pirateborg.equipment-clothing-and-armors",
      "documentId": "Fcic0PYcTXMMKFoS",
      "_key": "!tables.results!2yLUPRUQ3zrvb7Fd.KMVEKCgVYK56tht6"
    },
    {
      "_id": "Ns2kpiWVvDZwixGY",
      "type": "pack",
      "text": "Leather armor",
      "weight": 1,
      "range": [
        7,
        7
      ],
      "drawn": false,
      "flags": {},
      "img": "systems/pirateborg/icons/equipment/armors/leather-armor.png",
      "documentCollection": "pirateborg.equipment-clothing-and-armors",
      "documentId": "zYIwlcmQ4aT2NW38",
      "_key": "!tables.results!2yLUPRUQ3zrvb7Fd.Ns2kpiWVvDZwixGY"
    },
    {
      "_id": "t9Z441FREoQL56pm",
      "type": "pack",
      "text": "Hide armor",
      "weight": 1,
      "range": [
        8,
        8
      ],
      "drawn": false,
      "flags": {},
      "img": "systems/pirateborg/icons/equipment/armors/hide-armor.png",
      "documentCollection": "pirateborg.equipment-clothing-and-armors",
      "documentId": "i4ra9kaYOoNcwXrk",
      "_key": "!tables.results!2yLUPRUQ3zrvb7Fd.t9Z441FREoQL56pm"
    },
    {
      "_id": "wamb8VzJyXHv4629",
      "type": "pack",
      "text": "Chain shirt",
      "weight": 1,
      "range": [
        9,
        9
      ],
      "drawn": false,
      "flags": {},
      "img": "systems/pirateborg/icons/equipment/armors/chain-shirt.png",
      "documentCollection": "pirateborg.equipment-clothing-and-armors",
      "documentId": "sZXgoub4yEXpBflf",
      "_key": "!tables.results!2yLUPRUQ3zrvb7Fd.wamb8VzJyXHv4629"
    },
    {
      "_id": "wzju4ifoONzmU3qo",
      "type": "pack",
      "text": "Conquistador plate",
      "weight": 1,
      "range": [
        10,
        10
      ],
      "drawn": false,
      "flags": {},
      "img": "systems/pirateborg/icons/equipment/armors/conquistador-armor.png",
      "documentCollection": "pirateborg.equipment-clothing-and-armors",
      "documentId": "mqjlRCrxNRLAhQ4c",
      "_key": "!tables.results!2yLUPRUQ3zrvb7Fd.wzju4ifoONzmU3qo"
    }
  ],
  "formula": "d10",
  "replacement": true,
  "displayRoll": true,
  "folder": null,
  "sort": 0,
  "flags": {},
  "ownership": {
    "default": 0
  },
  "_stats": {
    "coreVersion": "12.331",
    "systemId": null,
    "systemVersion": null,
    "createdTime": null,
    "modifiedTime": null,
    "lastModifiedBy": null,
    "duplicateSource": null
  },
  "_key": "!tables!2yLUPRUQ3zrvb7Fd"
}
