{
  "_id": "aYWfHqeuwzpGDSKb",
  "name": "d100 Backgrounds",
  "img": "icons/svg/d20-grey.svg",
  "description": "Backgrounds",
  "results": [
    {
      "text": "Sailor",
      "type": "pack",
      "img": "systems/pirateborg/icons/misc/background.png",
      "weight": 1,
      "range": [
        1,
        20
      ],
      "drawn": false,
      "_id": "b0bp8tmxf7smngiu",
      "flags": {},
      "documentCollection": "pirateborg.backgrounds",
      "documentId": "jSyIqvBTfxdmoItV",
      "_key": "!tables.results!aYWfHqeuwzpGDSKb.b0bp8tmxf7smngiu"
    },
    {
      "text": "Actor",
      "type": "pack",
      "img": "systems/pirateborg/icons/misc/background.png",
      "weight": 1,
      "range": [
        21,
        21
      ],
      "drawn": false,
      "_id": "j9i2e4f9szq93ocn",
      "flags": {},
      "documentCollection": "pirateborg.backgrounds",
      "documentId": "OPmWR64soUExb2nS",
      "_key": "!tables.results!aYWfHqeuwzpGDSKb.j9i2e4f9szq93ocn"
    },
    {
      "text": "Apothecary",
      "type": "pack",
      "img": "systems/pirateborg/icons/misc/background.png",
      "weight": 1,
      "range": [
        22,
        22
      ],
      "drawn": false,
      "_id": "v1inivmrz3gwo95u",
      "flags": {},
      "documentCollection": "pirateborg.backgrounds",
      "documentId": "h9NB06Db8RyeAgvz",
      "_key": "!tables.results!aYWfHqeuwzpGDSKb.v1inivmrz3gwo95u"
    },
    {
      "text": "Artist",
      "type": "pack",
      "img": "systems/pirateborg/icons/misc/background.png",
      "weight": 1,
      "range": [
        23,
        23
      ],
      "drawn": false,
      "_id": "wkfw5mfa4phqfjyg",
      "flags": {},
      "documentCollection": "pirateborg.backgrounds",
      "documentId": "Z83dXk0eHaZDlCHz",
      "_key": "!tables.results!aYWfHqeuwzpGDSKb.wkfw5mfa4phqfjyg"
    },
    {
      "text": "Bandit",
      "type": "pack",
      "img": "systems/pirateborg/icons/misc/background.png",
      "weight": 1,
      "range": [
        24,
        24
      ],
      "drawn": false,
      "_id": "z31q5u1euua2aurk",
      "flags": {},
      "documentCollection": "pirateborg.backgrounds",
      "documentId": "dqsO0UiRsYFKCNlS",
      "_key": "!tables.results!aYWfHqeuwzpGDSKb.z31q5u1euua2aurk"
    },
    {
      "text": "Assassin",
      "type": "pack",
      "img": "systems/pirateborg/icons/misc/background.png",
      "weight": 1,
      "range": [
        25,
        25
      ],
      "drawn": false,
      "_id": "m0grntirr4ij036r",
      "flags": {},
      "documentCollection": "pirateborg.backgrounds",
      "documentId": "CAS8qI6rGnf43xEp",
      "_key": "!tables.results!aYWfHqeuwzpGDSKb.m0grntirr4ij036r"
    },
    {
      "text": "Barkeep",
      "type": "pack",
      "img": "systems/pirateborg/icons/misc/background.png",
      "weight": 1,
      "range": [
        26,
        26
      ],
      "drawn": false,
      "_id": "x1co3nf217zq4vaq",
      "flags": {},
      "documentCollection": "pirateborg.backgrounds",
      "documentId": "8f2BRXPfav86iMMn",
      "_key": "!tables.results!aYWfHqeuwzpGDSKb.x1co3nf217zq4vaq"
    },
    {
      "text": "Blacksmith",
      "type": "pack",
      "img": "systems/pirateborg/icons/misc/background.png",
      "weight": 1,
      "range": [
        27,
        27
      ],
      "drawn": false,
      "_id": "rygm4ybd63oxoojd",
      "flags": {},
      "documentCollection": "pirateborg.backgrounds",
      "documentId": "kqZxtcxXvfKJpA74",
      "_key": "!tables.results!aYWfHqeuwzpGDSKb.rygm4ybd63oxoojd"
    },
    {
      "text": "Bosun",
      "type": "pack",
      "img": "systems/pirateborg/icons/misc/background.png",
      "weight": 1,
      "range": [
        28,
        28
      ],
      "drawn": false,
      "_id": "31vnglokrya84fw8",
      "flags": {},
      "documentCollection": "pirateborg.backgrounds",
      "documentId": "khKmmRit5PXkFwET",
      "_key": "!tables.results!aYWfHqeuwzpGDSKb.31vnglokrya84fw8"
    },
    {
      "text": "Business person",
      "type": "pack",
      "img": "systems/pirateborg/icons/misc/background.png",
      "weight": 1,
      "range": [
        29,
        29
      ],
      "drawn": false,
      "_id": "eyaywrgyjju3pl0p",
      "flags": {},
      "documentCollection": "pirateborg.backgrounds",
      "documentId": "7GGJfVLYy5LlR1l1",
      "_key": "!tables.results!aYWfHqeuwzpGDSKb.eyaywrgyjju3pl0p"
    },
    {
      "text": "Cabin boy/girl",
      "type": "pack",
      "img": "systems/pirateborg/icons/misc/background.png",
      "weight": 1,
      "range": [
        30,
        30
      ],
      "drawn": false,
      "_id": "9s9cr0562uj8fdyy",
      "flags": {},
      "documentCollection": "pirateborg.backgrounds",
      "documentId": "4qJKa3zuUj7sPDKm",
      "_key": "!tables.results!aYWfHqeuwzpGDSKb.9s9cr0562uj8fdyy"
    },
    {
      "text": "Captain",
      "type": "pack",
      "img": "systems/pirateborg/icons/misc/background.png",
      "weight": 1,
      "range": [
        31,
        31
      ],
      "drawn": false,
      "_id": "ha5vu5iq19r8a3c0",
      "flags": {},
      "documentCollection": "pirateborg.backgrounds",
      "documentId": "h9PzRykIetjGQC6e",
      "_key": "!tables.results!aYWfHqeuwzpGDSKb.ha5vu5iq19r8a3c0"
    },
    {
      "text": "Former captive",
      "type": "pack",
      "img": "systems/pirateborg/icons/misc/background.png",
      "weight": 1,
      "range": [
        32,
        32
      ],
      "drawn": false,
      "_id": "9d1tvmx70e2f9z9a",
      "flags": {},
      "documentCollection": "pirateborg.backgrounds",
      "documentId": "zR3yzsYmtMnbkH30",
      "_key": "!tables.results!aYWfHqeuwzpGDSKb.9d1tvmx70e2f9z9a"
    },
    {
      "text": "Castaway",
      "type": "pack",
      "img": "systems/pirateborg/icons/misc/background.png",
      "weight": 1,
      "range": [
        33,
        33
      ],
      "drawn": false,
      "_id": "ys4kec5gnl91b5hw",
      "flags": {},
      "documentCollection": "pirateborg.backgrounds",
      "documentId": "GFxqd7fAx7XYCl4R",
      "_key": "!tables.results!aYWfHqeuwzpGDSKb.ys4kec5gnl91b5hw"
    },
    {
      "text": "Chef",
      "type": "pack",
      "img": "systems/pirateborg/icons/misc/background.png",
      "weight": 1,
      "range": [
        34,
        34
      ],
      "drawn": false,
      "_id": "rqty2f2j6dxf8znf",
      "flags": {},
      "documentCollection": "pirateborg.backgrounds",
      "documentId": "QVC7YzweRJoQM7lS",
      "_key": "!tables.results!aYWfHqeuwzpGDSKb.rqty2f2j6dxf8znf"
    },
    {
      "text": "Cook",
      "type": "pack",
      "img": "systems/pirateborg/icons/misc/background.png",
      "weight": 1,
      "range": [
        35,
        35
      ],
      "drawn": false,
      "_id": "skxnefus1mm1pkqg",
      "flags": {},
      "documentCollection": "pirateborg.backgrounds",
      "documentId": "TIEFMERuG60rJWgi",
      "_key": "!tables.results!aYWfHqeuwzpGDSKb.skxnefus1mm1pkqg"
    },
    {
      "text": "Craftsman",
      "type": "pack",
      "img": "systems/pirateborg/icons/misc/background.png",
      "weight": 1,
      "range": [
        36,
        36
      ],
      "drawn": false,
      "_id": "dca8nhqvoj4dwz4t",
      "flags": {},
      "documentCollection": "pirateborg.backgrounds",
      "documentId": "w8mcIDtEWQsMCj8k",
      "_key": "!tables.results!aYWfHqeuwzpGDSKb.dca8nhqvoj4dwz4t"
    },
    {
      "text": "Criminal",
      "type": "pack",
      "img": "systems/pirateborg/icons/misc/background.png",
      "weight": 1,
      "range": [
        37,
        37
      ],
      "drawn": false,
      "_id": "qf72hvwwmu21zpxa",
      "flags": {},
      "documentCollection": "pirateborg.backgrounds",
      "documentId": "yZQcs53OhdE9nCPE",
      "_key": "!tables.results!aYWfHqeuwzpGDSKb.qf72hvwwmu21zpxa"
    },
    {
      "text": "Cultist",
      "type": "pack",
      "img": "systems/pirateborg/icons/misc/background.png",
      "weight": 1,
      "range": [
        38,
        38
      ],
      "drawn": false,
      "_id": "tcwozpum11knw495",
      "flags": {},
      "documentCollection": "pirateborg.backgrounds",
      "documentId": "koEEF4ZvvonOW7WK",
      "_key": "!tables.results!aYWfHqeuwzpGDSKb.tcwozpum11knw495"
    },
    {
      "text": "Deserter",
      "type": "pack",
      "img": "systems/pirateborg/icons/misc/background.png",
      "weight": 1,
      "range": [
        39,
        39
      ],
      "drawn": false,
      "_id": "15uf966rkog4xdd6",
      "flags": {},
      "documentCollection": "pirateborg.backgrounds",
      "documentId": "PwpvmAmnL1yulZ0G",
      "_key": "!tables.results!aYWfHqeuwzpGDSKb.15uf966rkog4xdd6"
    },
    {
      "text": "Doctor",
      "type": "pack",
      "img": "systems/pirateborg/icons/misc/background.png",
      "weight": 1,
      "range": [
        40,
        40
      ],
      "drawn": false,
      "_id": "bllrx3s3wvg7pivi",
      "flags": {},
      "documentCollection": "pirateborg.backgrounds",
      "documentId": "kGFo9YKuJKMxix06",
      "_key": "!tables.results!aYWfHqeuwzpGDSKb.bllrx3s3wvg7pivi"
    },
    {
      "text": "Explorer",
      "type": "pack",
      "img": "systems/pirateborg/icons/misc/background.png",
      "weight": 1,
      "range": [
        41,
        41
      ],
      "drawn": false,
      "_id": "71nrg71azq242nne",
      "flags": {},
      "documentCollection": "pirateborg.backgrounds",
      "documentId": "u9lqaTi4Uq4XCaxF",
      "_key": "!tables.results!aYWfHqeuwzpGDSKb.71nrg71azq242nne"
    },
    {
      "text": "Farmer",
      "type": "pack",
      "img": "systems/pirateborg/icons/misc/background.png",
      "weight": 1,
      "range": [
        42,
        42
      ],
      "drawn": false,
      "_id": "ygxa2dzlkegfzl1r",
      "flags": {},
      "documentCollection": "pirateborg.backgrounds",
      "documentId": "sD6yWCXE0vlAPadQ",
      "_key": "!tables.results!aYWfHqeuwzpGDSKb.ygxa2dzlkegfzl1r"
    },
    {
      "text": "First mate",
      "type": "pack",
      "img": "systems/pirateborg/icons/misc/background.png",
      "weight": 1,
      "range": [
        43,
        43
      ],
      "drawn": false,
      "_id": "h0wi3b558ptx03pn",
      "flags": {},
      "documentCollection": "pirateborg.backgrounds",
      "documentId": "c0wCUP1XucmuYIfy",
      "_key": "!tables.results!aYWfHqeuwzpGDSKb.h0wi3b558ptx03pn"
    },
    {
      "text": "Gambler",
      "type": "pack",
      "img": "systems/pirateborg/icons/misc/background.png",
      "weight": 1,
      "range": [
        44,
        44
      ],
      "drawn": false,
      "_id": "1p4vvzkn84u8mofa",
      "flags": {},
      "documentCollection": "pirateborg.backgrounds",
      "documentId": "nU6uDIrNQR4xVjGV",
      "_key": "!tables.results!aYWfHqeuwzpGDSKb.1p4vvzkn84u8mofa"
    },
    {
      "text": "Grave robber",
      "type": "pack",
      "img": "systems/pirateborg/icons/misc/background.png",
      "weight": 1,
      "range": [
        45,
        45
      ],
      "drawn": false,
      "_id": "r48erz7g2u0ndhyn",
      "flags": {},
      "documentCollection": "pirateborg.backgrounds",
      "documentId": "GZk1gACNoX7aEhWf",
      "_key": "!tables.results!aYWfHqeuwzpGDSKb.r48erz7g2u0ndhyn"
    },
    {
      "text": "Guard",
      "type": "pack",
      "img": "systems/pirateborg/icons/misc/background.png",
      "weight": 1,
      "range": [
        46,
        46
      ],
      "drawn": false,
      "_id": "ad5d5iwgpghc1dao",
      "flags": {},
      "documentCollection": "pirateborg.backgrounds",
      "documentId": "x87ANONYHIkOclSY",
      "_key": "!tables.results!aYWfHqeuwzpGDSKb.ad5d5iwgpghc1dao"
    },
    {
      "text": "Gunner",
      "type": "pack",
      "img": "systems/pirateborg/icons/misc/background.png",
      "weight": 1,
      "range": [
        47,
        47
      ],
      "drawn": false,
      "_id": "fvofx9xl9e9icg3b",
      "flags": {},
      "documentCollection": "pirateborg.backgrounds",
      "documentId": "8sYHUsF5QcRl3eHX",
      "_key": "!tables.results!aYWfHqeuwzpGDSKb.fvofx9xl9e9icg3b"
    },
    {
      "text": "Harlot",
      "type": "pack",
      "img": "systems/pirateborg/icons/misc/background.png",
      "weight": 1,
      "range": [
        48,
        48
      ],
      "drawn": false,
      "_id": "7ym33x6ensb9tnwy",
      "flags": {},
      "documentCollection": "pirateborg.backgrounds",
      "documentId": "zDGetWVnrs1mFSfr",
      "_key": "!tables.results!aYWfHqeuwzpGDSKb.7ym33x6ensb9tnwy"
    },
    {
      "text": "Heretic",
      "type": "pack",
      "img": "systems/pirateborg/icons/misc/background.png",
      "weight": 1,
      "range": [
        49,
        49
      ],
      "drawn": false,
      "_id": "071tei3me1nmzl9d",
      "flags": {},
      "documentCollection": "pirateborg.backgrounds",
      "documentId": "BMpNz1F6jOiyLBi6",
      "_key": "!tables.results!aYWfHqeuwzpGDSKb.071tei3me1nmzl9d"
    },
    {
      "text": "Homemaker",
      "type": "pack",
      "img": "systems/pirateborg/icons/misc/background.png",
      "weight": 1,
      "range": [
        50,
        50
      ],
      "drawn": false,
      "_id": "niq4cqvsszhftoxt",
      "flags": {},
      "documentCollection": "pirateborg.backgrounds",
      "documentId": "DRTzQWG9pAmPRzBe",
      "_key": "!tables.results!aYWfHqeuwzpGDSKb.niq4cqvsszhftoxt"
    },
    {
      "text": "Hunter",
      "type": "pack",
      "img": "systems/pirateborg/icons/misc/background.png",
      "weight": 1,
      "range": [
        51,
        51
      ],
      "drawn": false,
      "_id": "4avcfusa1ahd221v",
      "flags": {},
      "documentCollection": "pirateborg.backgrounds",
      "documentId": "o1e07cqs64Hx9Dt6",
      "_key": "!tables.results!aYWfHqeuwzpGDSKb.4avcfusa1ahd221v"
    },
    {
      "text": "Former servant",
      "type": "pack",
      "img": "systems/pirateborg/icons/misc/background.png",
      "weight": 1,
      "range": [
        52,
        52
      ],
      "drawn": false,
      "_id": "yab9roymqrm31zlx",
      "flags": {},
      "documentCollection": "pirateborg.backgrounds",
      "documentId": "pScK3STc0GftBaVY",
      "_key": "!tables.results!aYWfHqeuwzpGDSKb.yab9roymqrm31zlx"
    },
    {
      "text": "Innkeeper",
      "type": "pack",
      "img": "systems/pirateborg/icons/misc/background.png",
      "weight": 1,
      "range": [
        53,
        53
      ],
      "drawn": false,
      "_id": "ioxf45kxdknjgnoz",
      "flags": {},
      "documentCollection": "pirateborg.backgrounds",
      "documentId": "Rph0EfFC4j9BNISs",
      "_key": "!tables.results!aYWfHqeuwzpGDSKb.ioxf45kxdknjgnoz"
    },
    {
      "text": "Landowner",
      "type": "pack",
      "img": "systems/pirateborg/icons/misc/background.png",
      "weight": 1,
      "range": [
        54,
        54
      ],
      "drawn": false,
      "_id": "61om0tn11hy4sifo",
      "flags": {},
      "documentCollection": "pirateborg.backgrounds",
      "documentId": "UTlbo8wC6C5kX8L8",
      "_key": "!tables.results!aYWfHqeuwzpGDSKb.61om0tn11hy4sifo"
    },
    {
      "text": "Loner",
      "type": "pack",
      "img": "systems/pirateborg/icons/misc/background.png",
      "weight": 1,
      "range": [
        55,
        55
      ],
      "drawn": false,
      "_id": "qb28hkp2qyksiqwo",
      "flags": {},
      "documentCollection": "pirateborg.backgrounds",
      "documentId": "8iVGXTZnoOdvpisd",
      "_key": "!tables.results!aYWfHqeuwzpGDSKb.qb28hkp2qyksiqwo"
    },
    {
      "text": "Cartographer",
      "type": "pack",
      "img": "systems/pirateborg/icons/misc/background.png",
      "weight": 1,
      "range": [
        56,
        56
      ],
      "drawn": false,
      "_id": "zbqhua5tb8m6p8sg",
      "flags": {},
      "documentCollection": "pirateborg.backgrounds",
      "documentId": "RxOzFHLhV729E2UN",
      "_key": "!tables.results!aYWfHqeuwzpGDSKb.zbqhua5tb8m6p8sg"
    },
    {
      "text": "Marine",
      "type": "pack",
      "img": "systems/pirateborg/icons/misc/background.png",
      "weight": 1,
      "range": [
        57,
        57
      ],
      "drawn": false,
      "_id": "tz8jcpfasf9ngxyr",
      "flags": {},
      "documentCollection": "pirateborg.backgrounds",
      "documentId": "wCQMjpf1uh9rgNh3",
      "_key": "!tables.results!aYWfHqeuwzpGDSKb.tz8jcpfasf9ngxyr"
    },
    {
      "text": "Medic",
      "type": "pack",
      "img": "systems/pirateborg/icons/misc/background.png",
      "weight": 1,
      "range": [
        58,
        58
      ],
      "drawn": false,
      "_id": "2acafsb4cg6hqvj7",
      "flags": {},
      "documentCollection": "pirateborg.backgrounds",
      "documentId": "zr9jEZJ3QitYWE9Z",
      "_key": "!tables.results!aYWfHqeuwzpGDSKb.2acafsb4cg6hqvj7"
    },
    {
      "text": "Merchant",
      "type": "pack",
      "img": "systems/pirateborg/icons/misc/background.png",
      "weight": 1,
      "range": [
        59,
        59
      ],
      "drawn": false,
      "_id": "5xrnbo147lewf168",
      "flags": {},
      "documentCollection": "pirateborg.backgrounds",
      "documentId": "65IsD5qvdXP56j5F",
      "_key": "!tables.results!aYWfHqeuwzpGDSKb.5xrnbo147lewf168"
    },
    {
      "text": "Military",
      "type": "pack",
      "img": "systems/pirateborg/icons/misc/background.png",
      "weight": 1,
      "range": [
        60,
        60
      ],
      "drawn": false,
      "_id": "0jabycxfsacty0x7",
      "flags": {},
      "documentCollection": "pirateborg.backgrounds",
      "documentId": "ajRYONnbIrMJGf3K",
      "_key": "!tables.results!aYWfHqeuwzpGDSKb.0jabycxfsacty0x7"
    },
    {
      "text": "Missionary",
      "type": "pack",
      "img": "systems/pirateborg/icons/misc/background.png",
      "weight": 1,
      "range": [
        61,
        61
      ],
      "drawn": false,
      "_id": "zq8br3ufli6pigtw",
      "flags": {},
      "documentCollection": "pirateborg.backgrounds",
      "documentId": "1ADP8EWQcZOuSNqZ",
      "_key": "!tables.results!aYWfHqeuwzpGDSKb.zq8br3ufli6pigtw"
    },
    {
      "text": "Monk",
      "type": "pack",
      "img": "systems/pirateborg/icons/misc/background.png",
      "weight": 1,
      "range": [
        62,
        62
      ],
      "drawn": false,
      "_id": "r26ezx9f7j2hcsm1",
      "flags": {},
      "documentCollection": "pirateborg.backgrounds",
      "documentId": "j0wYTXq2JObxht3h",
      "_key": "!tables.results!aYWfHqeuwzpGDSKb.r26ezx9f7j2hcsm1"
    },
    {
      "text": "Musician",
      "type": "pack",
      "img": "systems/pirateborg/icons/misc/background.png",
      "weight": 1,
      "range": [
        63,
        63
      ],
      "drawn": false,
      "_id": "s8ncom9grepohouc",
      "flags": {},
      "documentCollection": "pirateborg.backgrounds",
      "documentId": "4jKBGA6Re6lW4oyx",
      "_key": "!tables.results!aYWfHqeuwzpGDSKb.s8ncom9grepohouc"
    },
    {
      "text": "Naval Deserter",
      "type": "pack",
      "img": "systems/pirateborg/icons/misc/background.png",
      "weight": 1,
      "range": [
        64,
        64
      ],
      "drawn": false,
      "_id": "e3j6amll08jg8dnb",
      "flags": {},
      "documentCollection": "pirateborg.backgrounds",
      "documentId": "iOsZcKzytaP6k93M",
      "_key": "!tables.results!aYWfHqeuwzpGDSKb.e3j6amll08jg8dnb"
    },
    {
      "text": "Navigator",
      "type": "pack",
      "img": "systems/pirateborg/icons/misc/background.png",
      "weight": 1,
      "range": [
        65,
        65
      ],
      "drawn": false,
      "_id": "b3xvo9pqkeikhkhp",
      "flags": {},
      "documentCollection": "pirateborg.backgrounds",
      "documentId": "6aokL9nwftVStozv",
      "_key": "!tables.results!aYWfHqeuwzpGDSKb.b3xvo9pqkeikhkhp"
    },
    {
      "text": "Noble",
      "type": "pack",
      "img": "systems/pirateborg/icons/misc/background.png",
      "weight": 1,
      "range": [
        66,
        66
      ],
      "drawn": false,
      "_id": "xe24ii0js8gdos14",
      "flags": {},
      "documentCollection": "pirateborg.backgrounds",
      "documentId": "YDBqV72Ix0y4qczM",
      "_key": "!tables.results!aYWfHqeuwzpGDSKb.xe24ii0js8gdos14"
    },
    {
      "text": "Nobody",
      "type": "pack",
      "img": "systems/pirateborg/icons/misc/background.png",
      "weight": 1,
      "range": [
        67,
        67
      ],
      "drawn": false,
      "_id": "1cjcgazmcochktu8",
      "flags": {},
      "documentCollection": "pirateborg.backgrounds",
      "documentId": "3G6PnEKwnMk3TuDw",
      "_key": "!tables.results!aYWfHqeuwzpGDSKb.1cjcgazmcochktu8"
    },
    {
      "text": "Nurse",
      "type": "pack",
      "img": "systems/pirateborg/icons/misc/background.png",
      "weight": 1,
      "range": [
        68,
        68
      ],
      "drawn": false,
      "_id": "39t7opk09nl7caje",
      "flags": {},
      "documentCollection": "pirateborg.backgrounds",
      "documentId": "IPN2qKVdgc8NsWXF",
      "_key": "!tables.results!aYWfHqeuwzpGDSKb.39t7opk09nl7caje"
    },
    {
      "text": "Officer",
      "type": "pack",
      "img": "systems/pirateborg/icons/misc/background.png",
      "weight": 1,
      "range": [
        69,
        69
      ],
      "drawn": false,
      "_id": "um098bi5j759rrju",
      "flags": {},
      "documentCollection": "pirateborg.backgrounds",
      "documentId": "PNXdWlmE8xnDXs9c",
      "_key": "!tables.results!aYWfHqeuwzpGDSKb.um098bi5j759rrju"
    },
    {
      "text": "Orphan",
      "type": "pack",
      "img": "systems/pirateborg/icons/misc/background.png",
      "weight": 1,
      "range": [
        70,
        70
      ],
      "drawn": false,
      "_id": "6iu6fmzxkfohzjk0",
      "flags": {},
      "documentCollection": "pirateborg.backgrounds",
      "documentId": "Fu36tl50PVbQJcQv",
      "_key": "!tables.results!aYWfHqeuwzpGDSKb.6iu6fmzxkfohzjk0"
    },
    {
      "text": "Performer",
      "type": "pack",
      "img": "systems/pirateborg/icons/misc/background.png",
      "weight": 1,
      "range": [
        71,
        71
      ],
      "drawn": false,
      "_id": "d8ukfp9jj8ou8k4k",
      "flags": {},
      "documentCollection": "pirateborg.backgrounds",
      "documentId": "gYLlF3hg0LhFCnko",
      "_key": "!tables.results!aYWfHqeuwzpGDSKb.d8ukfp9jj8ou8k4k"
    },
    {
      "text": "Philosopher",
      "type": "pack",
      "img": "systems/pirateborg/icons/misc/background.png",
      "weight": 1,
      "range": [
        72,
        72
      ],
      "drawn": false,
      "_id": "v8ozgqzbncs6loov",
      "flags": {},
      "documentCollection": "pirateborg.backgrounds",
      "documentId": "MH0xPlNwb7hja8Ha",
      "_key": "!tables.results!aYWfHqeuwzpGDSKb.v8ozgqzbncs6loov"
    },
    {
      "text": "Pilot",
      "type": "pack",
      "img": "systems/pirateborg/icons/misc/background.png",
      "weight": 1,
      "range": [
        73,
        73
      ],
      "drawn": false,
      "_id": "3r5ncg6bwiyo9ind",
      "flags": {},
      "documentCollection": "pirateborg.backgrounds",
      "documentId": "omnJEYhFK8tLtSvQ",
      "_key": "!tables.results!aYWfHqeuwzpGDSKb.3r5ncg6bwiyo9ind"
    },
    {
      "text": "Pirate",
      "type": "pack",
      "img": "systems/pirateborg/icons/misc/background.png",
      "weight": 1,
      "range": [
        74,
        74
      ],
      "drawn": false,
      "_id": "hjghkthq19bjobdm",
      "flags": {},
      "documentCollection": "pirateborg.backgrounds",
      "documentId": "j3z2K3jSL2fNQUaQ",
      "_key": "!tables.results!aYWfHqeuwzpGDSKb.hjghkthq19bjobdm"
    },
    {
      "text": "Politician",
      "type": "pack",
      "img": "systems/pirateborg/icons/misc/background.png",
      "weight": 1,
      "range": [
        75,
        75
      ],
      "drawn": false,
      "_id": "gu88ucg2e26hqhym",
      "flags": {},
      "documentCollection": "pirateborg.backgrounds",
      "documentId": "wAr9l5khcm62Przm",
      "_key": "!tables.results!aYWfHqeuwzpGDSKb.gu88ucg2e26hqhym"
    },
    {
      "text": "Priest",
      "type": "pack",
      "img": "systems/pirateborg/icons/misc/background.png",
      "weight": 1,
      "range": [
        76,
        76
      ],
      "drawn": false,
      "_id": "frksxu08rtzhf2tu",
      "flags": {},
      "documentCollection": "pirateborg.backgrounds",
      "documentId": "HZlSVNlesVyZfwzq",
      "_key": "!tables.results!aYWfHqeuwzpGDSKb.frksxu08rtzhf2tu"
    },
    {
      "text": "Privateer",
      "type": "pack",
      "img": "systems/pirateborg/icons/misc/background.png",
      "weight": 1,
      "range": [
        77,
        77
      ],
      "drawn": false,
      "_id": "5eqyehzfrpyulfrl",
      "flags": {},
      "documentCollection": "pirateborg.backgrounds",
      "documentId": "UT7WbD8wMTrRudzD",
      "_key": "!tables.results!aYWfHqeuwzpGDSKb.5eqyehzfrpyulfrl"
    },
    {
      "text": "Quartermaster",
      "type": "pack",
      "img": "systems/pirateborg/icons/misc/background.png",
      "weight": 1,
      "range": [
        78,
        78
      ],
      "drawn": false,
      "_id": "xwjtbp0ni2n1rzr6",
      "flags": {},
      "documentCollection": "pirateborg.backgrounds",
      "documentId": "zYtisv7EoFeF6gF9",
      "_key": "!tables.results!aYWfHqeuwzpGDSKb.xwjtbp0ni2n1rzr6"
    },
    {
      "text": "Refugee",
      "type": "pack",
      "img": "systems/pirateborg/icons/misc/background.png",
      "weight": 1,
      "range": [
        79,
        79
      ],
      "drawn": false,
      "_id": "xy6nifwjv4kijced",
      "flags": {},
      "documentCollection": "pirateborg.backgrounds",
      "documentId": "uLMtBfdIW33Xzn9J",
      "_key": "!tables.results!aYWfHqeuwzpGDSKb.xy6nifwjv4kijced"
    },
    {
      "text": "Religious follower",
      "type": "pack",
      "img": "systems/pirateborg/icons/misc/background.png",
      "weight": 1,
      "range": [
        80,
        80
      ],
      "drawn": false,
      "_id": "qfm4k4x5hofcgh0c",
      "flags": {},
      "documentCollection": "pirateborg.backgrounds",
      "documentId": "eMb9HsrrFxiV6KZO",
      "_key": "!tables.results!aYWfHqeuwzpGDSKb.qfm4k4x5hofcgh0c"
    },
    {
      "text": "Revolutionary",
      "type": "pack",
      "img": "systems/pirateborg/icons/misc/background.png",
      "weight": 1,
      "range": [
        81,
        81
      ],
      "drawn": false,
      "_id": "11r158ddjpagmhko",
      "flags": {},
      "documentCollection": "pirateborg.backgrounds",
      "documentId": "mZeaPRRsh2T4tpl4",
      "_key": "!tables.results!aYWfHqeuwzpGDSKb.11r158ddjpagmhko"
    },
    {
      "text": "Rumored sorcerer",
      "type": "pack",
      "img": "systems/pirateborg/icons/misc/background.png",
      "weight": 1,
      "range": [
        82,
        82
      ],
      "drawn": false,
      "_id": "g9oypi6y9g6w9pxq",
      "flags": {},
      "documentCollection": "pirateborg.backgrounds",
      "documentId": "fx9NbWfhU3VlMvQ1",
      "_key": "!tables.results!aYWfHqeuwzpGDSKb.g9oypi6y9g6w9pxq"
    },
    {
      "text": "Runaway",
      "type": "pack",
      "img": "systems/pirateborg/icons/misc/background.png",
      "weight": 1,
      "range": [
        83,
        83
      ],
      "drawn": false,
      "_id": "7fwdvj0xno3s0lgr",
      "flags": {},
      "documentCollection": "pirateborg.backgrounds",
      "documentId": "cXcyDG12wLL1PzVC",
      "_key": "!tables.results!aYWfHqeuwzpGDSKb.7fwdvj0xno3s0lgr"
    },
    {
      "text": "Sail maker",
      "type": "pack",
      "img": "systems/pirateborg/icons/misc/background.png",
      "weight": 1,
      "range": [
        84,
        84
      ],
      "drawn": false,
      "_id": "p6mti4042bise60h",
      "flags": {},
      "documentCollection": "pirateborg.backgrounds",
      "documentId": "zNSpxSRpOrQENa0u",
      "_key": "!tables.results!aYWfHqeuwzpGDSKb.p6mti4042bise60h"
    },
    {
      "text": "Scholar",
      "type": "pack",
      "img": "systems/pirateborg/icons/misc/background.png",
      "weight": 1,
      "range": [
        85,
        85
      ],
      "drawn": false,
      "_id": "lakaoz14r6gejv8s",
      "flags": {},
      "documentCollection": "pirateborg.backgrounds",
      "documentId": "24IJJYUKMSWvkHO8",
      "_key": "!tables.results!aYWfHqeuwzpGDSKb.lakaoz14r6gejv8s"
    },
    {
      "text": "Scoundrel",
      "type": "pack",
      "img": "systems/pirateborg/icons/misc/background.png",
      "weight": 1,
      "range": [
        86,
        86
      ],
      "drawn": false,
      "_id": "39eoecsfn282dly0",
      "flags": {},
      "documentCollection": "pirateborg.backgrounds",
      "documentId": "kHiWeTXrQZ6yO4ez",
      "_key": "!tables.results!aYWfHqeuwzpGDSKb.39eoecsfn282dly0"
    },
    {
      "text": "Scout",
      "type": "pack",
      "img": "systems/pirateborg/icons/misc/background.png",
      "weight": 1,
      "range": [
        87,
        87
      ],
      "drawn": false,
      "_id": "jltc0p9us4l36cir",
      "flags": {},
      "documentCollection": "pirateborg.backgrounds",
      "documentId": "OE2NkkhLy1dSPHs6",
      "_key": "!tables.results!aYWfHqeuwzpGDSKb.jltc0p9us4l36cir"
    },
    {
      "text": "Shaman",
      "type": "pack",
      "img": "systems/pirateborg/icons/misc/background.png",
      "weight": 1,
      "range": [
        88,
        88
      ],
      "drawn": false,
      "_id": "hgj3m92fy2tscsgq",
      "flags": {},
      "documentCollection": "pirateborg.backgrounds",
      "documentId": "PuojVXcnGoG8HAIa",
      "_key": "!tables.results!aYWfHqeuwzpGDSKb.hgj3m92fy2tscsgq"
    },
    {
      "text": "Shipwright",
      "type": "pack",
      "img": "systems/pirateborg/icons/misc/background.png",
      "weight": 1,
      "range": [
        89,
        89
      ],
      "drawn": false,
      "_id": "pru2n8j115dp010r",
      "flags": {},
      "documentCollection": "pirateborg.backgrounds",
      "documentId": "Y5G1q6RYUgGmW4dk",
      "_key": "!tables.results!aYWfHqeuwzpGDSKb.pru2n8j115dp010r"
    },
    {
      "text": "Smuggler",
      "type": "pack",
      "img": "systems/pirateborg/icons/misc/background.png",
      "weight": 1,
      "range": [
        90,
        90
      ],
      "drawn": false,
      "_id": "o2wwbtfbsebw299t",
      "flags": {},
      "documentCollection": "pirateborg.backgrounds",
      "documentId": "vteVzCc7NMdWhATf",
      "_key": "!tables.results!aYWfHqeuwzpGDSKb.o2wwbtfbsebw299t"
    },
    {
      "text": "Soldier",
      "type": "pack",
      "img": "systems/pirateborg/icons/misc/background.png",
      "weight": 1,
      "range": [
        91,
        91
      ],
      "drawn": false,
      "_id": "52oq4eewgtyt9h0p",
      "flags": {},
      "documentCollection": "pirateborg.backgrounds",
      "documentId": "lNNRIrmVRbfwt2wn",
      "_key": "!tables.results!aYWfHqeuwzpGDSKb.52oq4eewgtyt9h0p"
    },
    {
      "text": "Spy",
      "type": "pack",
      "img": "systems/pirateborg/icons/misc/background.png",
      "weight": 1,
      "range": [
        92,
        92
      ],
      "drawn": false,
      "_id": "5yx6qbm23o8ge5al",
      "flags": {},
      "documentCollection": "pirateborg.backgrounds",
      "documentId": "HENODBpaOM9Wg6BF",
      "_key": "!tables.results!aYWfHqeuwzpGDSKb.5yx6qbm23o8ge5al"
    },
    {
      "text": "Student",
      "type": "pack",
      "img": "systems/pirateborg/icons/misc/background.png",
      "weight": 1,
      "range": [
        93,
        93
      ],
      "drawn": false,
      "_id": "5qwp3bwt9k6rcd2f",
      "flags": {},
      "documentCollection": "pirateborg.backgrounds",
      "documentId": "AT76ZjSHPBaG01aH",
      "_key": "!tables.results!aYWfHqeuwzpGDSKb.5qwp3bwt9k6rcd2f"
    },
    {
      "text": "Surgeon",
      "type": "pack",
      "img": "systems/pirateborg/icons/misc/background.png",
      "weight": 1,
      "range": [
        94,
        94
      ],
      "drawn": false,
      "_id": "9cyg2job5ea99861",
      "flags": {},
      "documentCollection": "pirateborg.backgrounds",
      "documentId": "r1azPes5SvJLJcOD",
      "_key": "!tables.results!aYWfHqeuwzpGDSKb.9cyg2job5ea99861"
    },
    {
      "text": "Thief",
      "type": "pack",
      "img": "systems/pirateborg/icons/misc/background.png",
      "weight": 1,
      "range": [
        95,
        95
      ],
      "drawn": false,
      "_id": "05hh7x9f56hhdwf0",
      "flags": {},
      "documentCollection": "pirateborg.backgrounds",
      "documentId": "Y5s8wbGeNPA7nbSR",
      "_key": "!tables.results!aYWfHqeuwzpGDSKb.05hh7x9f56hhdwf0"
    },
    {
      "text": "Vagabond",
      "type": "pack",
      "img": "systems/pirateborg/icons/misc/background.png",
      "weight": 1,
      "range": [
        96,
        96
      ],
      "drawn": false,
      "_id": "q8peo89g5of9qs7o",
      "flags": {},
      "documentCollection": "pirateborg.backgrounds",
      "documentId": "f5BCX6sIGBhw2fqb",
      "_key": "!tables.results!aYWfHqeuwzpGDSKb.q8peo89g5of9qs7o"
    },
    {
      "text": "Victim",
      "type": "pack",
      "img": "systems/pirateborg/icons/misc/background.png",
      "weight": 1,
      "range": [
        97,
        97
      ],
      "drawn": false,
      "_id": "brrvdl7o2wv5j1us",
      "flags": {},
      "documentCollection": "pirateborg.backgrounds",
      "documentId": "rKhUk151MqaSOz2d",
      "_key": "!tables.results!aYWfHqeuwzpGDSKb.brrvdl7o2wv5j1us"
    },
    {
      "text": "Warrior",
      "type": "pack",
      "img": "systems/pirateborg/icons/misc/background.png",
      "weight": 1,
      "range": [
        98,
        98
      ],
      "drawn": false,
      "_id": "kxppasyhvdo4gwgb",
      "flags": {},
      "documentCollection": "pirateborg.backgrounds",
      "documentId": "fqJUOZUFOVQ28vgu",
      "_key": "!tables.results!aYWfHqeuwzpGDSKb.kxppasyhvdo4gwgb"
    },
    {
      "text": "Whaler",
      "type": "pack",
      "img": "systems/pirateborg/icons/misc/background.png",
      "weight": 1,
      "range": [
        99,
        99
      ],
      "drawn": false,
      "_id": "i923g63zv5mt2e57",
      "flags": {},
      "documentCollection": "pirateborg.backgrounds",
      "documentId": "MYRJURolSIslGoDc",
      "_key": "!tables.results!aYWfHqeuwzpGDSKb.i923g63zv5mt2e57"
    },
    {
      "text": "Writer",
      "type": "pack",
      "img": "systems/pirateborg/icons/misc/background.png",
      "weight": 1,
      "range": [
        100,
        100
      ],
      "drawn": false,
      "_id": "6apogyo9bf99zwwf",
      "flags": {},
      "documentCollection": "pirateborg.backgrounds",
      "documentId": "YE7VXx0AdSzfOtSL",
      "_key": "!tables.results!aYWfHqeuwzpGDSKb.6apogyo9bf99zwwf"
    }
  ],
  "formula": "1d100",
  "replacement": true,
  "displayRoll": true,
  "folder": null,
  "sort": 0,
  "flags": {},
  "ownership": {
    "default": 0
  },
  "_stats": {
    "systemId": "pirateborg",
    "systemVersion": "v0.6.3",
    "coreVersion": "12.331",
    "createdTime": null,
    "modifiedTime": 1680575407440,
    "lastModifiedBy": "pbbuilder0000000",
    "duplicateSource": null
  },
  "_key": "!tables!aYWfHqeuwzpGDSKb"
}
