{
  "_id": "zdslrlczJyGmflFt",
  "name": "d100 Thing of Importance",
  "img": "icons/svg/d20-grey.svg",
  "description": "<p>Thing of Importance</p>",
  "results": [
    {
      "text": "animal pelt",
      "type": "pack",
      "img": "systems/pirateborg/icons/misc/thing-of-importance.png",
      "weight": 1,
      "range": [
        1,
        1
      ],
      "drawn": false,
      "_id": "k8scsi74ymh0iepz",
      "flags": {},
      "documentCollection": "pirateborg.feature-thing-of-importance",
      "documentId": "HPUQNZXlwt6ih8il",
      "_key": "!tables.results!zdslrlczJyGmflFt.k8scsi74ymh0iepz"
    },
    {
      "text": "oyster pearl",
      "type": "pack",
      "img": "systems/pirateborg/icons/misc/thing-of-importance.png",
      "weight": 1,
      "range": [
        2,
        2
      ],
      "drawn": false,
      "_id": "66pnvk7srbtpzmzk",
      "flags": {},
      "documentCollection": "pirateborg.feature-thing-of-importance",
      "documentId": "8zFPOXKmsHfgaBtw",
      "_key": "!tables.results!zdslrlczJyGmflFt.66pnvk7srbtpzmzk"
    },
    {
      "text": "silver locket",
      "type": "pack",
      "img": "systems/pirateborg/icons/misc/thing-of-importance.png",
      "weight": 1,
      "range": [
        3,
        3
      ],
      "drawn": false,
      "_id": "vr9ffeyy3csfgv5m",
      "flags": {},
      "documentCollection": "pirateborg.feature-thing-of-importance",
      "documentId": "as0HQUsUMNY6xoH6",
      "_key": "!tables.results!zdslrlczJyGmflFt.vr9ffeyy3csfgv5m"
    },
    {
      "text": "conch shell",
      "type": "pack",
      "img": "systems/pirateborg/icons/misc/thing-of-importance.png",
      "weight": 1,
      "range": [
        4,
        4
      ],
      "drawn": false,
      "_id": "t4i6vrps1hi5odtn",
      "flags": {},
      "documentCollection": "pirateborg.feature-thing-of-importance",
      "documentId": "4oVGAqVAUhTszWxq",
      "_key": "!tables.results!zdslrlczJyGmflFt.t4i6vrps1hi5odtn"
    },
    {
      "text": "pipe carved from wood",
      "type": "pack",
      "img": "systems/pirateborg/icons/misc/thing-of-importance.png",
      "weight": 1,
      "range": [
        5,
        5
      ],
      "drawn": false,
      "_id": "x8uy3bstzxmqhb9x",
      "flags": {},
      "documentCollection": "pirateborg.feature-thing-of-importance",
      "documentId": "xGTb41G5klD4r3fQ",
      "_key": "!tables.results!zdslrlczJyGmflFt.x8uy3bstzxmqhb9x"
    },
    {
      "text": "pipe carved from bone",
      "type": "pack",
      "img": "systems/pirateborg/icons/misc/thing-of-importance.png",
      "weight": 1,
      "range": [
        6,
        6
      ],
      "drawn": false,
      "_id": "ogop3k7m7dn5euju",
      "flags": {},
      "documentCollection": "pirateborg.feature-thing-of-importance",
      "documentId": "c04NZbO8HzPWCNMZ",
      "_key": "!tables.results!zdslrlczJyGmflFt.ogop3k7m7dn5euju"
    },
    {
      "text": "small jade figurine",
      "type": "pack",
      "img": "systems/pirateborg/icons/misc/thing-of-importance.png",
      "weight": 1,
      "range": [
        7,
        7
      ],
      "drawn": false,
      "_id": "i6lzve09ple72syk",
      "flags": {},
      "documentCollection": "pirateborg.feature-thing-of-importance",
      "documentId": "8ykUVXvECcKNXlmu",
      "_key": "!tables.results!zdslrlczJyGmflFt.i6lzve09ple72syk"
    },
    {
      "text": "map of an unknown place",
      "type": "pack",
      "img": "systems/pirateborg/icons/misc/thing-of-importance.png",
      "weight": 1,
      "range": [
        10,
        10
      ],
      "drawn": false,
      "_id": "n73lphu0kwl6rlr0",
      "flags": {},
      "documentCollection": "pirateborg.feature-thing-of-importance",
      "documentId": "Uh80M4rvPUnRUF17",
      "_key": "!tables.results!zdslrlczJyGmflFt.n73lphu0kwl6rlr0"
    },
    {
      "text": "ancient gold coin",
      "type": "pack",
      "img": "systems/pirateborg/icons/misc/thing-of-importance.png",
      "weight": 1,
      "range": [
        8,
        8
      ],
      "drawn": false,
      "_id": "fye9l9m5ywbstweg",
      "flags": {},
      "documentCollection": "pirateborg.feature-thing-of-importance",
      "documentId": "r3zHXqxvw2U2fQIj",
      "_key": "!tables.results!zdslrlczJyGmflFt.fye9l9m5ywbstweg"
    },
    {
      "text": "ruined piece of a treasure map",
      "type": "pack",
      "img": "systems/pirateborg/icons/misc/thing-of-importance.png",
      "weight": 1,
      "range": [
        9,
        9
      ],
      "drawn": false,
      "_id": "4t81t13gagpw0b9v",
      "flags": {},
      "documentCollection": "pirateborg.feature-thing-of-importance",
      "documentId": "JXf90tQSBl5JMpj5",
      "_key": "!tables.results!zdslrlczJyGmflFt.4t81t13gagpw0b9v"
    },
    {
      "text": "shard of crystal",
      "type": "pack",
      "img": "systems/pirateborg/icons/misc/thing-of-importance.png",
      "weight": 1,
      "range": [
        100,
        100
      ],
      "drawn": false,
      "_id": "9wid0ywagt76axkm",
      "flags": {},
      "documentCollection": "pirateborg.feature-thing-of-importance",
      "documentId": "7I4qz0noQUbI3Apl",
      "_key": "!tables.results!zdslrlczJyGmflFt.9wid0ywagt76axkm"
    },
    {
      "text": "diary written by an ancestor",
      "type": "pack",
      "img": "systems/pirateborg/icons/misc/thing-of-importance.png",
      "weight": 1,
      "range": [
        11,
        11
      ],
      "drawn": false,
      "_id": "268y22mrqu4ytlqz",
      "flags": {},
      "documentCollection": "pirateborg.feature-thing-of-importance",
      "documentId": "63KiyJFusc7LjQAR",
      "_key": "!tables.results!zdslrlczJyGmflFt.268y22mrqu4ytlqz"
    },
    {
      "text": "silver ring",
      "type": "pack",
      "img": "systems/pirateborg/icons/misc/thing-of-importance.png",
      "weight": 1,
      "range": [
        12,
        12
      ],
      "drawn": false,
      "_id": "xq75g2tj2z7xjuoq",
      "flags": {},
      "documentCollection": "pirateborg.feature-thing-of-importance",
      "documentId": "xYC5q3yb8SXv49dN",
      "_key": "!tables.results!zdslrlczJyGmflFt.xq75g2tj2z7xjuoq"
    },
    {
      "text": "ivory chess piece",
      "type": "pack",
      "img": "systems/pirateborg/icons/misc/thing-of-importance.png",
      "weight": 1,
      "range": [
        13,
        13
      ],
      "drawn": false,
      "_id": "yxp90g85egfexmor",
      "flags": {},
      "documentCollection": "pirateborg.feature-thing-of-importance",
      "documentId": "NuIXC5OlWFpbPuVf",
      "_key": "!tables.results!zdslrlczJyGmflFt.yxp90g85egfexmor"
    },
    {
      "text": "sea creature carved from obsidian",
      "type": "pack",
      "img": "systems/pirateborg/icons/misc/thing-of-importance.png",
      "weight": 1,
      "range": [
        14,
        14
      ],
      "drawn": false,
      "_id": "ox5xfsnbskna8ryy",
      "flags": {},
      "documentCollection": "pirateborg.feature-thing-of-importance",
      "documentId": "lBpiW9Bn4mpnoZOr",
      "_key": "!tables.results!zdslrlczJyGmflFt.ox5xfsnbskna8ryy"
    },
    {
      "text": "spherical prism",
      "type": "pack",
      "img": "systems/pirateborg/icons/misc/thing-of-importance.png",
      "weight": 1,
      "range": [
        15,
        15
      ],
      "drawn": false,
      "_id": "zl3am0pxk1g2msnw",
      "flags": {},
      "documentCollection": "pirateborg.feature-thing-of-importance",
      "documentId": "qIC9vEvn3LyDI7LH",
      "_key": "!tables.results!zdslrlczJyGmflFt.zl3am0pxk1g2msnw"
    },
    {
      "text": "jar containing a severed hand",
      "type": "pack",
      "img": "systems/pirateborg/icons/misc/thing-of-importance.png",
      "weight": 1,
      "range": [
        16,
        16
      ],
      "drawn": false,
      "_id": "dn632f3jks4mm5of",
      "flags": {},
      "documentCollection": "pirateborg.feature-thing-of-importance",
      "documentId": "3ku48V2LTx9F9Sd4",
      "_key": "!tables.results!zdslrlczJyGmflFt.dn632f3jks4mm5of"
    },
    {
      "text": "necklace of bones &amp; feathers",
      "type": "pack",
      "img": "systems/pirateborg/icons/misc/thing-of-importance.png",
      "weight": 1,
      "range": [
        17,
        17
      ],
      "drawn": false,
      "_id": "vbvi9rwfk48yzl39",
      "flags": {},
      "documentCollection": "pirateborg.feature-thing-of-importance",
      "documentId": "wpCclbSyCTsgoz5M",
      "_key": "!tables.results!zdslrlczJyGmflFt.vbvi9rwfk48yzl39"
    },
    {
      "text": "book of scripture",
      "type": "pack",
      "img": "systems/pirateborg/icons/misc/thing-of-importance.png",
      "weight": 1,
      "range": [
        18,
        18
      ],
      "drawn": false,
      "_id": "zoj2el14vfsjmki4",
      "flags": {},
      "documentCollection": "pirateborg.feature-thing-of-importance",
      "documentId": "dCQiNYzGjI6Pwili",
      "_key": "!tables.results!zdslrlczJyGmflFt.zoj2el14vfsjmki4"
    },
    {
      "text": "novel you loved as a child",
      "type": "pack",
      "img": "systems/pirateborg/icons/misc/thing-of-importance.png",
      "weight": 1,
      "range": [
        19,
        19
      ],
      "drawn": false,
      "_id": "j9xm543zkpk7k3bd",
      "flags": {},
      "documentCollection": "pirateborg.feature-thing-of-importance",
      "documentId": "V5704vFM621lDz6H",
      "_key": "!tables.results!zdslrlczJyGmflFt.j9xm543zkpk7k3bd"
    },
    {
      "text": "bizarre silk handkerchief",
      "type": "pack",
      "img": "systems/pirateborg/icons/misc/thing-of-importance.png",
      "weight": 1,
      "range": [
        20,
        20
      ],
      "drawn": false,
      "_id": "xj8xj7gqoere7qod",
      "flags": {},
      "documentCollection": "pirateborg.feature-thing-of-importance",
      "documentId": "kXTKqQ1nGCB5QKIN",
      "_key": "!tables.results!zdslrlczJyGmflFt.xj8xj7gqoere7qod"
    },
    {
      "text": "pouch containing animal teeth",
      "type": "pack",
      "img": "systems/pirateborg/icons/misc/thing-of-importance.png",
      "weight": 1,
      "range": [
        21,
        21
      ],
      "drawn": false,
      "_id": "fvcccerqi2gckc5u",
      "flags": {},
      "documentCollection": "pirateborg.feature-thing-of-importance",
      "documentId": "1YTQBnUg9CKTrzLz",
      "_key": "!tables.results!zdslrlczJyGmflFt.fvcccerqi2gckc5u"
    },
    {
      "text": "old fillet knife",
      "type": "pack",
      "img": "systems/pirateborg/icons/misc/thing-of-importance.png",
      "weight": 1,
      "range": [
        22,
        22
      ],
      "drawn": false,
      "_id": "22dkjs7tsya8y20n",
      "flags": {},
      "documentCollection": "pirateborg.feature-thing-of-importance",
      "documentId": "4dEJYsAX3gVESxff",
      "_key": "!tables.results!zdslrlczJyGmflFt.22dkjs7tsya8y20n"
    },
    {
      "text": "fossil of an extinct fish",
      "type": "pack",
      "img": "systems/pirateborg/icons/misc/thing-of-importance.png",
      "weight": 1,
      "range": [
        23,
        23
      ],
      "drawn": false,
      "_id": "z87b4l905i1uls44",
      "flags": {},
      "documentCollection": "pirateborg.feature-thing-of-importance",
      "documentId": "LBwL36cgojsI0GPk",
      "_key": "!tables.results!zdslrlczJyGmflFt.z87b4l905i1uls44"
    },
    {
      "text": "piece of colorful coral",
      "type": "pack",
      "img": "systems/pirateborg/icons/misc/thing-of-importance.png",
      "weight": 1,
      "range": [
        24,
        24
      ],
      "drawn": false,
      "_id": "xx3yxq1cwpv2r2qj",
      "flags": {},
      "documentCollection": "pirateborg.feature-thing-of-importance",
      "documentId": "ffCCmtBfY10EUYzj",
      "_key": "!tables.results!zdslrlczJyGmflFt.xx3yxq1cwpv2r2qj"
    },
    {
      "text": "small ship in a bottle",
      "type": "pack",
      "img": "systems/pirateborg/icons/misc/thing-of-importance.png",
      "weight": 1,
      "range": [
        25,
        25
      ],
      "drawn": false,
      "_id": "nfaps47h95iynjd2",
      "flags": {},
      "documentCollection": "pirateborg.feature-thing-of-importance",
      "documentId": "9RV4JwmrLvrX5T6O",
      "_key": "!tables.results!zdslrlczJyGmflFt.nfaps47h95iynjd2"
    },
    {
      "text": "letter from a loved one",
      "type": "pack",
      "img": "systems/pirateborg/icons/misc/thing-of-importance.png",
      "weight": 1,
      "range": [
        26,
        26
      ],
      "drawn": false,
      "_id": "eagu1xj6ehez7cw7",
      "flags": {},
      "documentCollection": "pirateborg.feature-thing-of-importance",
      "documentId": "MfVWFawUAGEoPpH3",
      "_key": "!tables.results!zdslrlczJyGmflFt.eagu1xj6ehez7cw7"
    },
    {
      "text": "the journal of a dead explorer",
      "type": "pack",
      "img": "systems/pirateborg/icons/misc/thing-of-importance.png",
      "weight": 1,
      "range": [
        27,
        27
      ],
      "drawn": false,
      "_id": "7h5ccsl9ki83xhar",
      "flags": {},
      "documentCollection": "pirateborg.feature-thing-of-importance",
      "documentId": "oq4Ivmwlhk6crsEo",
      "_key": "!tables.results!zdslrlczJyGmflFt.7h5ccsl9ki83xhar"
    },
    {
      "text": "stone embossed with a mermaid",
      "type": "pack",
      "img": "systems/pirateborg/icons/misc/thing-of-importance.png",
      "weight": 1,
      "range": [
        28,
        28
      ],
      "drawn": false,
      "_id": "1zap1j8mukb5q29n",
      "flags": {},
      "documentCollection": "pirateborg.feature-thing-of-importance",
      "documentId": "VFWbqVy91UXI7sx6",
      "_key": "!tables.results!zdslrlczJyGmflFt.1zap1j8mukb5q29n"
    },
    {
      "text": "vial of holy water from clergy in your hometown",
      "type": "pack",
      "img": "systems/pirateborg/icons/misc/thing-of-importance.png",
      "weight": 1,
      "range": [
        29,
        29
      ],
      "drawn": false,
      "_id": "8wscq34uxfjhr5rk",
      "flags": {},
      "documentCollection": "pirateborg.feature-thing-of-importance",
      "documentId": "hLvWePb91PxAFPPt",
      "_key": "!tables.results!zdslrlczJyGmflFt.8wscq34uxfjhr5rk"
    },
    {
      "text": "the remains of a small squid in a jar",
      "type": "pack",
      "img": "systems/pirateborg/icons/misc/thing-of-importance.png",
      "weight": 1,
      "range": [
        30,
        30
      ],
      "drawn": false,
      "_id": "ctyetusk5npd87am",
      "flags": {},
      "documentCollection": "pirateborg.feature-thing-of-importance",
      "documentId": "eh7K9Mq9cLsbGVY4",
      "_key": "!tables.results!zdslrlczJyGmflFt.ctyetusk5npd87am"
    },
    {
      "text": "precious cooking salts in a tiny chest",
      "type": "pack",
      "img": "systems/pirateborg/icons/misc/thing-of-importance.png",
      "weight": 1,
      "range": [
        31,
        31
      ],
      "drawn": false,
      "_id": "n6nlyse977qj9y99",
      "flags": {},
      "documentCollection": "pirateborg.feature-thing-of-importance",
      "documentId": "khtasdWCvMt01Bj5",
      "_key": "!tables.results!zdslrlczJyGmflFt.n6nlyse977qj9y99"
    },
    {
      "text": "tankard made from a horn",
      "type": "pack",
      "img": "systems/pirateborg/icons/misc/thing-of-importance.png",
      "weight": 1,
      "range": [
        32,
        32
      ],
      "drawn": false,
      "_id": "7960kuinj513fpzr",
      "flags": {},
      "documentCollection": "pirateborg.feature-thing-of-importance",
      "documentId": "mSlDfzL6vlhgNDFj",
      "_key": "!tables.results!zdslrlczJyGmflFt.7960kuinj513fpzr"
    },
    {
      "text": "jar of the finest tobacco",
      "type": "pack",
      "img": "systems/pirateborg/icons/misc/thing-of-importance.png",
      "weight": 1,
      "range": [
        33,
        33
      ],
      "drawn": false,
      "_id": "v2zln1nmcr7gumen",
      "flags": {},
      "documentCollection": "pirateborg.feature-thing-of-importance",
      "documentId": "0j0fSljUPYPOCJLJ",
      "_key": "!tables.results!zdslrlczJyGmflFt.v2zln1nmcr7gumen"
    },
    {
      "text": "golden letter opener",
      "type": "pack",
      "img": "systems/pirateborg/icons/misc/thing-of-importance.png",
      "weight": 1,
      "range": [
        34,
        34
      ],
      "drawn": false,
      "_id": "oxdpcjhhybdsc4wr",
      "flags": {},
      "documentCollection": "pirateborg.feature-thing-of-importance",
      "documentId": "dik2cMV1ksu9sUuj",
      "_key": "!tables.results!zdslrlczJyGmflFt.oxdpcjhhybdsc4wr"
    },
    {
      "text": "small, cast bronze owl figurine",
      "type": "pack",
      "img": "systems/pirateborg/icons/misc/thing-of-importance.png",
      "weight": 1,
      "range": [
        35,
        35
      ],
      "drawn": false,
      "_id": "ay0kzi0nr4o11f8l",
      "flags": {},
      "documentCollection": "pirateborg.feature-thing-of-importance",
      "documentId": "rNbFmwTvqKepsWJ2",
      "_key": "!tables.results!zdslrlczJyGmflFt.ay0kzi0nr4o11f8l"
    },
    {
      "text": "collection of sea shells and rocks",
      "type": "pack",
      "img": "systems/pirateborg/icons/misc/thing-of-importance.png",
      "weight": 1,
      "range": [
        36,
        36
      ],
      "drawn": false,
      "_id": "y5bioc1jsagx7j45",
      "flags": {},
      "documentCollection": "pirateborg.feature-thing-of-importance",
      "documentId": "Q0N8yGArmqDA1BJj",
      "_key": "!tables.results!zdslrlczJyGmflFt.y5bioc1jsagx7j45"
    },
    {
      "text": "necklace carved from jade",
      "type": "pack",
      "img": "systems/pirateborg/icons/misc/thing-of-importance.png",
      "weight": 1,
      "range": [
        37,
        37
      ],
      "drawn": false,
      "_id": "5l59nz8oakse9xa5",
      "flags": {},
      "documentCollection": "pirateborg.feature-thing-of-importance",
      "documentId": "wpY4vk2fP2qcHy8m",
      "_key": "!tables.results!zdslrlczJyGmflFt.5l59nz8oakse9xa5"
    },
    {
      "text": "recently deceased relative's will, naming you as the sole heir",
      "type": "pack",
      "img": "systems/pirateborg/icons/misc/thing-of-importance.png",
      "weight": 1,
      "range": [
        38,
        38
      ],
      "drawn": false,
      "_id": "bwxd6x0ts3n446c8",
      "flags": {},
      "documentCollection": "pirateborg.feature-thing-of-importance",
      "documentId": "atqRkoRLXtntw6aL",
      "_key": "!tables.results!zdslrlczJyGmflFt.bwxd6x0ts3n446c8"
    },
    {
      "text": "drawing of a loved one",
      "type": "pack",
      "img": "systems/pirateborg/icons/misc/thing-of-importance.png",
      "weight": 1,
      "range": [
        39,
        39
      ],
      "drawn": false,
      "_id": "4hspkkb6zkfaou2d",
      "flags": {},
      "documentCollection": "pirateborg.feature-thing-of-importance",
      "documentId": "cWRxymH0etN5WxFz",
      "_key": "!tables.results!zdslrlczJyGmflFt.4hspkkb6zkfaou2d"
    },
    {
      "text": "old rusted key with a blue gem that glows in the moonlight",
      "type": "pack",
      "img": "systems/pirateborg/icons/misc/thing-of-importance.png",
      "weight": 1,
      "range": [
        41,
        41
      ],
      "drawn": false,
      "_id": "1gk1ayppczlf3zyh",
      "flags": {},
      "documentCollection": "pirateborg.feature-thing-of-importance",
      "documentId": "F6s43008cQ6HOjMv",
      "_key": "!tables.results!zdslrlczJyGmflFt.1gk1ayppczlf3zyh"
    },
    {
      "text": "compass that doesn't point north",
      "type": "pack",
      "img": "systems/pirateborg/icons/misc/thing-of-importance.png",
      "weight": 1,
      "range": [
        42,
        42
      ],
      "drawn": false,
      "_id": "taj0z0t03xmmstou",
      "flags": {},
      "documentCollection": "pirateborg.feature-thing-of-importance",
      "documentId": "zNU22xXkgnWgRRpo",
      "_key": "!tables.results!zdslrlczJyGmflFt.taj0z0t03xmmstou"
    },
    {
      "text": "clay jar you are using as an urn",
      "type": "pack",
      "img": "systems/pirateborg/icons/misc/thing-of-importance.png",
      "weight": 1,
      "range": [
        43,
        43
      ],
      "drawn": false,
      "_id": "gg7jnkjrrv7p0z02",
      "flags": {},
      "documentCollection": "pirateborg.feature-thing-of-importance",
      "documentId": "29h1llXVmt6joFg2",
      "_key": "!tables.results!zdslrlczJyGmflFt.gg7jnkjrrv7p0z02"
    },
    {
      "text": "definitive proof of an enemy's (or loved one's) crime",
      "type": "pack",
      "img": "systems/pirateborg/icons/misc/thing-of-importance.png",
      "weight": 1,
      "range": [
        44,
        44
      ],
      "drawn": false,
      "_id": "p92yx9xvl8s0ewqe",
      "flags": {},
      "documentCollection": "pirateborg.feature-thing-of-importance",
      "documentId": "rbRSwWkGK4p6sCGG",
      "_key": "!tables.results!zdslrlczJyGmflFt.p92yx9xvl8s0ewqe"
    },
    {
      "text": "small golden bell",
      "type": "pack",
      "img": "systems/pirateborg/icons/misc/thing-of-importance.png",
      "weight": 1,
      "range": [
        45,
        45
      ],
      "drawn": false,
      "_id": "1o0thdr2xjx455ju",
      "flags": {},
      "documentCollection": "pirateborg.feature-thing-of-importance",
      "documentId": "mGfmQsAG2KcRe6eq",
      "_key": "!tables.results!zdslrlczJyGmflFt.1o0thdr2xjx455ju"
    },
    {
      "text": "old bottle of red wine (Bordeaux, incredible vintage)",
      "type": "pack",
      "img": "systems/pirateborg/icons/misc/thing-of-importance.png",
      "weight": 1,
      "range": [
        46,
        46
      ],
      "drawn": false,
      "_id": "9ntc2p7w0y179g3n",
      "flags": {},
      "documentCollection": "pirateborg.feature-thing-of-importance",
      "documentId": "LmNXsPfUE9BmxSdD",
      "_key": "!tables.results!zdslrlczJyGmflFt.9ntc2p7w0y179g3n"
    },
    {
      "text": "jar of dried jellyfish dust",
      "type": "pack",
      "img": "systems/pirateborg/icons/misc/thing-of-importance.png",
      "weight": 1,
      "range": [
        47,
        47
      ],
      "drawn": false,
      "_id": "47gxvf4cjxdhh0xq",
      "flags": {},
      "documentCollection": "pirateborg.feature-thing-of-importance",
      "documentId": "WRa54qvCv0dfnWun",
      "_key": "!tables.results!zdslrlczJyGmflFt.47gxvf4cjxdhh0xq"
    },
    {
      "text": "multi-colored feather",
      "type": "pack",
      "img": "systems/pirateborg/icons/misc/thing-of-importance.png",
      "weight": 1,
      "range": [
        48,
        48
      ],
      "drawn": false,
      "_id": "bs3ncz2r5nhs3xxh",
      "flags": {},
      "documentCollection": "pirateborg.feature-thing-of-importance",
      "documentId": "zGYBlDU6I4PVtzRS",
      "_key": "!tables.results!zdslrlczJyGmflFt.bs3ncz2r5nhs3xxh"
    },
    {
      "text": "necklace from a loved one",
      "type": "pack",
      "img": "systems/pirateborg/icons/misc/thing-of-importance.png",
      "weight": 1,
      "range": [
        49,
        49
      ],
      "drawn": false,
      "_id": "1x8yujm4t19goeem",
      "flags": {},
      "documentCollection": "pirateborg.feature-thing-of-importance",
      "documentId": "D85rrvrYylmUpoqU",
      "_key": "!tables.results!zdslrlczJyGmflFt.1x8yujm4t19goeem"
    },
    {
      "text": "ring that doesn't fit on your fingers",
      "type": "pack",
      "img": "systems/pirateborg/icons/misc/thing-of-importance.png",
      "weight": 1,
      "range": [
        50,
        50
      ],
      "drawn": false,
      "_id": "6e6848jbc5yczkd2",
      "flags": {},
      "documentCollection": "pirateborg.feature-thing-of-importance",
      "documentId": "KWxqSLMbYBnWqOfo",
      "_key": "!tables.results!zdslrlczJyGmflFt.6e6848jbc5yczkd2"
    },
    {
      "text": "single diamond earring",
      "type": "pack",
      "img": "systems/pirateborg/icons/misc/thing-of-importance.png",
      "weight": 1,
      "range": [
        51,
        51
      ],
      "drawn": false,
      "_id": "6le7ojbhav42el8u",
      "flags": {},
      "documentCollection": "pirateborg.feature-thing-of-importance",
      "documentId": "85FS5ocyrPNxX67H",
      "_key": "!tables.results!zdslrlczJyGmflFt.6le7ojbhav42el8u"
    },
    {
      "text": "finely made leather eye patch",
      "type": "pack",
      "img": "systems/pirateborg/icons/misc/thing-of-importance.png",
      "weight": 1,
      "range": [
        52,
        52
      ],
      "drawn": false,
      "_id": "qmov1pdkm6dvvic0",
      "flags": {},
      "documentCollection": "pirateborg.feature-thing-of-importance",
      "documentId": "4KgGCT1fCWKRePAU",
      "_key": "!tables.results!zdslrlczJyGmflFt.qmov1pdkm6dvvic0"
    },
    {
      "text": "set of gardening tools",
      "type": "pack",
      "img": "systems/pirateborg/icons/misc/thing-of-importance.png",
      "weight": 1,
      "range": [
        53,
        53
      ],
      "drawn": false,
      "_id": "wp8iqrrnd9qcaqjf",
      "flags": {},
      "documentCollection": "pirateborg.feature-thing-of-importance",
      "documentId": "N8cZfGBZ438ngFbv",
      "_key": "!tables.results!zdslrlczJyGmflFt.wp8iqrrnd9qcaqjf"
    },
    {
      "text": "dried flower",
      "type": "pack",
      "img": "systems/pirateborg/icons/misc/thing-of-importance.png",
      "weight": 1,
      "range": [
        54,
        54
      ],
      "drawn": false,
      "_id": "gq9mwpu28o7p1cdd",
      "flags": {},
      "documentCollection": "pirateborg.feature-thing-of-importance",
      "documentId": "ugRQ84dsvn9Gc4ep",
      "_key": "!tables.results!zdslrlczJyGmflFt.gq9mwpu28o7p1cdd"
    },
    {
      "text": "animal skull",
      "type": "pack",
      "img": "systems/pirateborg/icons/misc/thing-of-importance.png",
      "weight": 1,
      "range": [
        55,
        55
      ],
      "drawn": false,
      "_id": "aq0o2akxjmnmi9wd",
      "flags": {},
      "documentCollection": "pirateborg.feature-thing-of-importance",
      "documentId": "bH15GCWpHg1iHG49",
      "_key": "!tables.results!zdslrlczJyGmflFt.aq0o2akxjmnmi9wd"
    },
    {
      "text": "human skull",
      "type": "pack",
      "img": "systems/pirateborg/icons/misc/thing-of-importance.png",
      "weight": 1,
      "range": [
        56,
        56
      ],
      "drawn": false,
      "_id": "kkfsthhvapnl0j26",
      "flags": {},
      "documentCollection": "pirateborg.feature-thing-of-importance",
      "documentId": "jLh9WxDu7A6JH7rd",
      "_key": "!tables.results!zdslrlczJyGmflFt.kkfsthhvapnl0j26"
    },
    {
      "text": "gem that glows in seawater",
      "type": "pack",
      "img": "systems/pirateborg/icons/misc/thing-of-importance.png",
      "weight": 1,
      "range": [
        57,
        57
      ],
      "drawn": false,
      "_id": "ceigydry9vlw9rof",
      "flags": {},
      "documentCollection": "pirateborg.feature-thing-of-importance",
      "documentId": "V1LWSB5MEOr1bybh",
      "_key": "!tables.results!zdslrlczJyGmflFt.ceigydry9vlw9rof"
    },
    {
      "text": "dinosaur or monster bone or claw",
      "type": "pack",
      "img": "systems/pirateborg/icons/misc/thing-of-importance.png",
      "weight": 1,
      "range": [
        58,
        58
      ],
      "drawn": false,
      "_id": "4uzo43p4uqd7thyn",
      "flags": {},
      "documentCollection": "pirateborg.feature-thing-of-importance",
      "documentId": "0Jy2zxHHis8j9zLd",
      "_key": "!tables.results!zdslrlczJyGmflFt.4uzo43p4uqd7thyn"
    },
    {
      "text": "jar of fireflies",
      "type": "pack",
      "img": "systems/pirateborg/icons/misc/thing-of-importance.png",
      "weight": 1,
      "range": [
        59,
        59
      ],
      "drawn": false,
      "_id": "6682oi7tzllr8blx",
      "flags": {},
      "documentCollection": "pirateborg.feature-thing-of-importance",
      "documentId": "NqaTcAfJqpcusQk5",
      "_key": "!tables.results!zdslrlczJyGmflFt.6682oi7tzllr8blx"
    },
    {
      "text": "leather-bound tome in a language you don't recognize",
      "type": "pack",
      "img": "systems/pirateborg/icons/misc/thing-of-importance.png",
      "weight": 1,
      "range": [
        60,
        60
      ],
      "drawn": false,
      "_id": "uoevsg6m037txzcy",
      "flags": {},
      "documentCollection": "pirateborg.feature-thing-of-importance",
      "documentId": "FoW2tWIcCMxl5w72",
      "_key": "!tables.results!zdslrlczJyGmflFt.uoevsg6m037txzcy"
    },
    {
      "text": "blueprints to a new type of ship",
      "type": "pack",
      "img": "systems/pirateborg/icons/misc/thing-of-importance.png",
      "weight": 1,
      "range": [
        61,
        61
      ],
      "drawn": false,
      "_id": "6w7jl54208ozj89a",
      "flags": {},
      "documentCollection": "pirateborg.feature-thing-of-importance",
      "documentId": "4nEy62eLrJp5zFYb",
      "_key": "!tables.results!zdslrlczJyGmflFt.6w7jl54208ozj89a"
    },
    {
      "text": "carved arrowhead",
      "type": "pack",
      "img": "systems/pirateborg/icons/misc/thing-of-importance.png",
      "weight": 1,
      "range": [
        62,
        62
      ],
      "drawn": false,
      "_id": "dyzai1v4qev26ogo",
      "flags": {},
      "documentCollection": "pirateborg.feature-thing-of-importance",
      "documentId": "gze8kvTVAUTPT45Q",
      "_key": "!tables.results!zdslrlczJyGmflFt.dyzai1v4qev26ogo"
    },
    {
      "text": "stone tablet inscribed with ancient pictographs or hieroglyphs",
      "type": "pack",
      "img": "systems/pirateborg/icons/misc/thing-of-importance.png",
      "weight": 1,
      "range": [
        63,
        63
      ],
      "drawn": false,
      "_id": "ci1shoqdud92ykpf",
      "flags": {},
      "documentCollection": "pirateborg.feature-thing-of-importance",
      "documentId": "5XQbvtGWMR4W1MH3",
      "_key": "!tables.results!zdslrlczJyGmflFt.ci1shoqdud92ykpf"
    },
    {
      "text": "perfect cube made of crystal",
      "type": "pack",
      "img": "systems/pirateborg/icons/misc/thing-of-importance.png",
      "weight": 1,
      "range": [
        64,
        64
      ],
      "drawn": false,
      "_id": "i5cvsi71kr9e2gg3",
      "flags": {},
      "documentCollection": "pirateborg.feature-thing-of-importance",
      "documentId": "Dy582xQ51vckikQL",
      "_key": "!tables.results!zdslrlczJyGmflFt.i5cvsi71kr9e2gg3"
    },
    {
      "text": "tattoo",
      "type": "pack",
      "img": "systems/pirateborg/icons/misc/thing-of-importance.png",
      "weight": 1,
      "range": [
        65,
        65
      ],
      "drawn": false,
      "_id": "76mnev27d95zn1kz",
      "flags": {},
      "documentCollection": "pirateborg.feature-thing-of-importance",
      "documentId": "9zAOcmckhadkzb0J",
      "_key": "!tables.results!zdslrlczJyGmflFt.76mnev27d95zn1kz"
    },
    {
      "text": "bottle of perfumed oil",
      "type": "pack",
      "img": "systems/pirateborg/icons/misc/thing-of-importance.png",
      "weight": 1,
      "range": [
        66,
        66
      ],
      "drawn": false,
      "_id": "6xojrlfjkdq5wi4e",
      "flags": {},
      "documentCollection": "pirateborg.feature-thing-of-importance",
      "documentId": "tYrQHDuCc0ECiYnK",
      "_key": "!tables.results!zdslrlczJyGmflFt.6xojrlfjkdq5wi4e"
    },
    {
      "text": "broken set of manacles",
      "type": "pack",
      "img": "systems/pirateborg/icons/misc/thing-of-importance.png",
      "weight": 1,
      "range": [
        67,
        67
      ],
      "drawn": false,
      "_id": "hlkwsw0qmjrmlspq",
      "flags": {},
      "documentCollection": "pirateborg.feature-thing-of-importance",
      "documentId": "iYiopsAkZcUq8aON",
      "_key": "!tables.results!zdslrlczJyGmflFt.hlkwsw0qmjrmlspq"
    },
    {
      "text": "pistol with one shot meant for someone special",
      "type": "pack",
      "img": "systems/pirateborg/icons/misc/thing-of-importance.png",
      "weight": 1,
      "range": [
        69,
        69
      ],
      "drawn": false,
      "_id": "nzovz499piq4ey55",
      "flags": {},
      "documentCollection": "pirateborg.feature-thing-of-importance",
      "documentId": "YQW3IjCAC8ggOJAJ",
      "_key": "!tables.results!zdslrlczJyGmflFt.nzovz499piq4ey55"
    },
    {
      "text": "flag of personal significance",
      "type": "pack",
      "img": "systems/pirateborg/icons/misc/thing-of-importance.png",
      "weight": 1,
      "range": [
        70,
        70
      ],
      "drawn": false,
      "_id": "p3g1sqmh40d2u0e9",
      "flags": {},
      "documentCollection": "pirateborg.feature-thing-of-importance",
      "documentId": "6sQ2vORkQyLsVfQM",
      "_key": "!tables.results!zdslrlczJyGmflFt.p3g1sqmh40d2u0e9"
    },
    {
      "text": "broken compass",
      "type": "pack",
      "img": "systems/pirateborg/icons/misc/thing-of-importance.png",
      "weight": 1,
      "range": [
        68,
        68
      ],
      "drawn": false,
      "_id": "vlxwtf5wq265an1q",
      "flags": {},
      "documentCollection": "pirateborg.feature-thing-of-importance",
      "documentId": "Ngri4cZPbLGcHf5v",
      "_key": "!tables.results!zdslrlczJyGmflFt.vlxwtf5wq265an1q"
    },
    {
      "text": "broken spyglass with a scroll or map hidden inside",
      "type": "pack",
      "img": "systems/pirateborg/icons/misc/thing-of-importance.png",
      "weight": 1,
      "range": [
        71,
        71
      ],
      "drawn": false,
      "_id": "w183bzwde2krak0e",
      "flags": {},
      "documentCollection": "pirateborg.feature-thing-of-importance",
      "documentId": "S3DpBvwkgnSpwWe4",
      "_key": "!tables.results!zdslrlczJyGmflFt.w183bzwde2krak0e"
    },
    {
      "text": "length of rope you made",
      "type": "pack",
      "img": "systems/pirateborg/icons/misc/thing-of-importance.png",
      "weight": 1,
      "range": [
        72,
        72
      ],
      "drawn": false,
      "_id": "bps4ygwu6fr9o9ca",
      "flags": {},
      "documentCollection": "pirateborg.feature-thing-of-importance",
      "documentId": "TyLhDcclBfRiGqyi",
      "_key": "!tables.results!zdslrlczJyGmflFt.bps4ygwu6fr9o9ca"
    },
    {
      "text": "carved gaming pieces",
      "type": "pack",
      "img": "systems/pirateborg/icons/misc/thing-of-importance.png",
      "weight": 1,
      "range": [
        73,
        73
      ],
      "drawn": false,
      "_id": "14qqvjb1isu0cowb",
      "flags": {},
      "documentCollection": "pirateborg.feature-thing-of-importance",
      "documentId": "2orhAflYA3MZIJFP",
      "_key": "!tables.results!zdslrlczJyGmflFt.14qqvjb1isu0cowb"
    },
    {
      "text": "set of rune stones",
      "type": "pack",
      "img": "systems/pirateborg/icons/misc/thing-of-importance.png",
      "weight": 1,
      "range": [
        74,
        74
      ],
      "drawn": false,
      "_id": "zx0htrttj1plfab3",
      "flags": {},
      "documentCollection": "pirateborg.feature-thing-of-importance",
      "documentId": "aHx0wHN54V8ucWaX",
      "_key": "!tables.results!zdslrlczJyGmflFt.zx0htrttj1plfab3"
    },
    {
      "text": "twig from a very old tree",
      "type": "pack",
      "img": "systems/pirateborg/icons/misc/thing-of-importance.png",
      "weight": 1,
      "range": [
        75,
        75
      ],
      "drawn": false,
      "_id": "mxma6mdp209gezqq",
      "flags": {},
      "documentCollection": "pirateborg.feature-thing-of-importance",
      "documentId": "0YMofaTxxN8aOO7F",
      "_key": "!tables.results!zdslrlczJyGmflFt.mxma6mdp209gezqq"
    },
    {
      "text": "noose taken from a corpse",
      "type": "pack",
      "img": "systems/pirateborg/icons/misc/thing-of-importance.png",
      "weight": 1,
      "range": [
        76,
        76
      ],
      "drawn": false,
      "_id": "jr4ejf5t01rhovjn",
      "flags": {},
      "documentCollection": "pirateborg.feature-thing-of-importance",
      "documentId": "jN395ATWP72q5A1v",
      "_key": "!tables.results!zdslrlczJyGmflFt.jr4ejf5t01rhovjn"
    },
    {
      "text": "6' length of chain",
      "type": "pack",
      "img": "systems/pirateborg/icons/misc/thing-of-importance.png",
      "weight": 1,
      "range": [
        77,
        77
      ],
      "drawn": false,
      "_id": "t4l1les6pgnci3ii",
      "flags": {},
      "documentCollection": "pirateborg.feature-thing-of-importance",
      "documentId": "Cf6zj53VEHD27dcv",
      "_key": "!tables.results!zdslrlczJyGmflFt.t4l1les6pgnci3ii"
    },
    {
      "text": "4d10 scars from lashes on your back",
      "type": "pack",
      "img": "systems/pirateborg/icons/misc/thing-of-importance.png",
      "weight": 1,
      "range": [
        78,
        78
      ],
      "drawn": false,
      "_id": "hly6g19bl2bg2515",
      "flags": {},
      "documentCollection": "pirateborg.feature-thing-of-importance",
      "documentId": "Tp6rBzBIqeFVeTe1",
      "_key": "!tables.results!zdslrlczJyGmflFt.hly6g19bl2bg2515"
    },
    {
      "text": "long scar on your face",
      "type": "pack",
      "img": "systems/pirateborg/icons/misc/thing-of-importance.png",
      "weight": 1,
      "range": [
        79,
        79
      ],
      "drawn": false,
      "_id": "wo6d151m628lfsjy",
      "flags": {},
      "documentCollection": "pirateborg.feature-thing-of-importance",
      "documentId": "RkKW27xA6mFMQoxe",
      "_key": "!tables.results!zdslrlczJyGmflFt.wo6d151m628lfsjy"
    },
    {
      "text": "two coconut shells",
      "type": "pack",
      "img": "systems/pirateborg/icons/misc/thing-of-importance.png",
      "weight": 1,
      "range": [
        80,
        80
      ],
      "drawn": false,
      "_id": "oiwbbvwly5z4nvsk",
      "flags": {},
      "documentCollection": "pirateborg.feature-thing-of-importance",
      "documentId": "cn3cvgzJcJUn4joc",
      "_key": "!tables.results!zdslrlczJyGmflFt.oiwbbvwly5z4nvsk"
    },
    {
      "text": "dark robe, cape, or cloak",
      "type": "pack",
      "img": "systems/pirateborg/icons/misc/thing-of-importance.png",
      "weight": 1,
      "range": [
        81,
        81
      ],
      "drawn": false,
      "_id": "0okmmb2r0g3yenvc",
      "flags": {},
      "documentCollection": "pirateborg.feature-thing-of-importance",
      "documentId": "8icD0S2DCLEhq1TS",
      "_key": "!tables.results!zdslrlczJyGmflFt.0okmmb2r0g3yenvc"
    },
    {
      "text": "cask of strong sassafras beer",
      "type": "pack",
      "img": "systems/pirateborg/icons/misc/thing-of-importance.png",
      "weight": 1,
      "range": [
        82,
        82
      ],
      "drawn": false,
      "_id": "1smxogdkaij8s8ce",
      "flags": {},
      "documentCollection": "pirateborg.feature-thing-of-importance",
      "documentId": "ngC7hGnpTMd0jqlT",
      "_key": "!tables.results!zdslrlczJyGmflFt.1smxogdkaij8s8ce"
    },
    {
      "text": "set of keys on a large key ring",
      "type": "pack",
      "img": "systems/pirateborg/icons/misc/thing-of-importance.png",
      "weight": 1,
      "range": [
        83,
        83
      ],
      "drawn": false,
      "_id": "9ygfnnl8e9liruha",
      "flags": {},
      "documentCollection": "pirateborg.feature-thing-of-importance",
      "documentId": "UzLmDmDldgcwJr2X",
      "_key": "!tables.results!zdslrlczJyGmflFt.9ygfnnl8e9liruha"
    },
    {
      "text": "small keg of something valuable (rum, powder, ashes)",
      "type": "pack",
      "img": "systems/pirateborg/icons/misc/thing-of-importance.png",
      "weight": 1,
      "range": [
        84,
        84
      ],
      "drawn": false,
      "_id": "rs6iljh5x2lnho1p",
      "flags": {},
      "documentCollection": "pirateborg.feature-thing-of-importance",
      "documentId": "EeuUzBJ1uTfCFNRk",
      "_key": "!tables.results!zdslrlczJyGmflFt.rs6iljh5x2lnho1p"
    },
    {
      "text": "magnifying lens (glass only)",
      "type": "pack",
      "img": "systems/pirateborg/icons/misc/thing-of-importance.png",
      "weight": 1,
      "range": [
        85,
        85
      ],
      "drawn": false,
      "_id": "vrk1vep8h3dqzeg4",
      "flags": {},
      "documentCollection": "pirateborg.feature-thing-of-importance",
      "documentId": "ixkjYH4dBpg7IRsI",
      "_key": "!tables.results!zdslrlczJyGmflFt.vrk1vep8h3dqzeg4"
    },
    {
      "text": "the cork from a bottle, from a special occasion",
      "type": "pack",
      "img": "systems/pirateborg/icons/misc/thing-of-importance.png",
      "weight": 1,
      "range": [
        86,
        86
      ],
      "drawn": false,
      "_id": "jdcqb5ym54kro4au",
      "flags": {},
      "documentCollection": "pirateborg.feature-thing-of-importance",
      "documentId": "iDsIYHvHUQT9p45d",
      "_key": "!tables.results!zdslrlczJyGmflFt.jdcqb5ym54kro4au"
    },
    {
      "text": "cannonball",
      "type": "pack",
      "img": "systems/pirateborg/icons/misc/thing-of-importance.png",
      "weight": 1,
      "range": [
        87,
        87
      ],
      "drawn": false,
      "_id": "cydvqqgqeu720r69",
      "flags": {},
      "documentCollection": "pirateborg.feature-thing-of-importance",
      "documentId": "EjhBebnGlDy99ACI",
      "_key": "!tables.results!zdslrlczJyGmflFt.cydvqqgqeu720r69"
    },
    {
      "text": "deck of cards with 1d4 cards missing and 1d6 \"extra\" cards",
      "type": "pack",
      "img": "systems/pirateborg/icons/misc/thing-of-importance.png",
      "weight": 1,
      "range": [
        88,
        88
      ],
      "drawn": false,
      "_id": "ymy3fcelm78t1qe0",
      "flags": {},
      "documentCollection": "pirateborg.feature-thing-of-importance",
      "documentId": "TnQxy463HlX2uc2X",
      "_key": "!tables.results!zdslrlczJyGmflFt.ymy3fcelm78t1qe0"
    },
    {
      "text": "garment from someone special",
      "type": "pack",
      "img": "systems/pirateborg/icons/misc/thing-of-importance.png",
      "weight": 1,
      "range": [
        89,
        89
      ],
      "drawn": false,
      "_id": "ejh5nld32zqjyzad",
      "flags": {},
      "documentCollection": "pirateborg.feature-thing-of-importance",
      "documentId": "Khh0eEJE64oaoOta",
      "_key": "!tables.results!zdslrlczJyGmflFt.ejh5nld32zqjyzad"
    },
    {
      "text": "wanted poster, d4:1 legend, 2 loved one, 3 enemy, 4 stranger",
      "type": "pack",
      "img": "systems/pirateborg/icons/misc/thing-of-importance.png",
      "weight": 1,
      "range": [
        90,
        90
      ],
      "drawn": false,
      "_id": "dphxv7hbmztzpv3m",
      "flags": {},
      "documentCollection": "pirateborg.feature-thing-of-importance",
      "documentId": "HUzvnJUHicDi5KWz",
      "_key": "!tables.results!zdslrlczJyGmflFt.dphxv7hbmztzpv3m"
    },
    {
      "text": "fancy wig",
      "type": "pack",
      "img": "systems/pirateborg/icons/misc/thing-of-importance.png",
      "weight": 1,
      "range": [
        91,
        91
      ],
      "drawn": false,
      "_id": "k5cd3nn5vvqvrqso",
      "flags": {},
      "documentCollection": "pirateborg.feature-thing-of-importance",
      "documentId": "WT0K5keKfTPPSTtB",
      "_key": "!tables.results!zdslrlczJyGmflFt.k5cd3nn5vvqvrqso"
    },
    {
      "text": "letter of political importance",
      "type": "pack",
      "img": "systems/pirateborg/icons/misc/thing-of-importance.png",
      "weight": 1,
      "range": [
        92,
        92
      ],
      "drawn": false,
      "_id": "nnt516oqyl8f5g2z",
      "flags": {},
      "documentCollection": "pirateborg.feature-thing-of-importance",
      "documentId": "pYuMPRzbR0IfG6ol",
      "_key": "!tables.results!zdslrlczJyGmflFt.nnt516oqyl8f5g2z"
    },
    {
      "text": "tanned whale skin or a jar of blubber",
      "type": "pack",
      "img": "systems/pirateborg/icons/misc/thing-of-importance.png",
      "weight": 1,
      "range": [
        93,
        93
      ],
      "drawn": false,
      "_id": "h3rtfrq718wrdsjb",
      "flags": {},
      "documentCollection": "pirateborg.feature-thing-of-importance",
      "documentId": "VeJfJuFhW7eriz8Y",
      "_key": "!tables.results!zdslrlczJyGmflFt.h3rtfrq718wrdsjb"
    },
    {
      "text": "petrified egg",
      "type": "pack",
      "img": "systems/pirateborg/icons/misc/thing-of-importance.png",
      "weight": 1,
      "range": [
        94,
        94
      ],
      "drawn": false,
      "_id": "83ioxfoy9cdpqq3h",
      "flags": {},
      "documentCollection": "pirateborg.feature-thing-of-importance",
      "documentId": "mlmYBE7SCXFs7zaf",
      "_key": "!tables.results!zdslrlczJyGmflFt.83ioxfoy9cdpqq3h"
    },
    {
      "text": "monkey paw extending 1 finger",
      "type": "pack",
      "img": "systems/pirateborg/icons/misc/thing-of-importance.png",
      "weight": 1,
      "range": [
        95,
        95
      ],
      "drawn": false,
      "_id": "r4tf3p3yonmtg0h6",
      "flags": {},
      "documentCollection": "pirateborg.feature-thing-of-importance",
      "documentId": "usaIFfeYsTk9ny4c",
      "_key": "!tables.results!zdslrlczJyGmflFt.r4tf3p3yonmtg0h6"
    },
    {
      "text": "memorized poem that sounds like a treasure map",
      "type": "pack",
      "img": "systems/pirateborg/icons/misc/thing-of-importance.png",
      "weight": 1,
      "range": [
        96,
        96
      ],
      "drawn": false,
      "_id": "k3zolop4v2mmfgvg",
      "flags": {},
      "documentCollection": "pirateborg.feature-thing-of-importance",
      "documentId": "qZGptrxaarSrcIa3",
      "_key": "!tables.results!zdslrlczJyGmflFt.k3zolop4v2mmfgvg"
    },
    {
      "text": "medallion that might be the top of a staff",
      "type": "pack",
      "img": "systems/pirateborg/icons/misc/thing-of-importance.png",
      "weight": 1,
      "range": [
        97,
        97
      ],
      "drawn": false,
      "_id": "spmlglg82wfn38ac",
      "flags": {},
      "documentCollection": "pirateborg.feature-thing-of-importance",
      "documentId": "A9qMgrMJnEXZSDrU",
      "_key": "!tables.results!zdslrlczJyGmflFt.spmlglg82wfn38ac"
    },
    {
      "text": "talisman shaped like a snake",
      "type": "pack",
      "img": "systems/pirateborg/icons/misc/thing-of-importance.png",
      "weight": 1,
      "range": [
        98,
        98
      ],
      "drawn": false,
      "_id": "i4wczlmltgsfef7p",
      "flags": {},
      "documentCollection": "pirateborg.feature-thing-of-importance",
      "documentId": "Sqqg5E8UGFom4FOO",
      "_key": "!tables.results!zdslrlczJyGmflFt.i4wczlmltgsfef7p"
    },
    {
      "text": "glass vial of dark blood",
      "type": "pack",
      "img": "systems/pirateborg/icons/misc/thing-of-importance.png",
      "weight": 1,
      "range": [
        99,
        99
      ],
      "drawn": false,
      "_id": "rcibirofytlb7tjg",
      "flags": {},
      "documentCollection": "pirateborg.feature-thing-of-importance",
      "documentId": "6jOvGpkWkMUYRcbN",
      "_key": "!tables.results!zdslrlczJyGmflFt.rcibirofytlb7tjg"
    },
    {
      "type": "pack",
      "documentCollection": "pirateborg.feature-thing-of-importance",
      "weight": 1,
      "range": [
        40,
        40
      ],
      "drawn": false,
      "text": "bag of \"magical\" white powder",
      "documentId": "QNGViptwjl1uRPyg",
      "img": "systems/pirateborg/icons/misc/thing-of-importance.png",
      "_id": "PhzQABZefgeBsuEE",
      "flags": {},
      "_key": "!tables.results!zdslrlczJyGmflFt.PhzQABZefgeBsuEE"
    }
  ],
  "formula": "1d100",
  "replacement": true,
  "displayRoll": true,
  "folder": null,
  "sort": 0,
  "flags": {},
  "ownership": {
    "default": 0
  },
  "_stats": {
    "coreVersion": "12.331",
    "systemId": null,
    "systemVersion": null,
    "createdTime": null,
    "modifiedTime": 1743027480108,
    "lastModifiedBy": "pbbuilder0000000",
    "duplicateSource": null
  },
  "_key": "!tables!zdslrlczJyGmflFt"
}
