{
  "_id": "Nv1GjEGgyhydzSZf",
  "name": "d12 Fancy gear",
  "img": "icons/svg/d20-grey.svg",
  "description": "",
  "results": [
    {
      "_id": "uVncD78adQywIigf",
      "type": "pack",
      "text": "Compass",
      "weight": 1,
      "range": [
        1,
        1
      ],
      "drawn": false,
      "flags": {},
      "img": "systems/pirateborg/icons/equipment/gear/compass.png",
      "documentCollection": "pirateborg.equipment-gear",
      "documentId": "TmZzfjWNeaEiG1fP",
      "_key": "!tables.results!Nv1GjEGgyhydzSZf.uVncD78adQywIigf"
    },
    {
      "_id": "DmjK9WpMlyQMzYT5",
      "type": "pack",
      "text": "Spyglass",
      "weight": 1,
      "range": [
        2,
        2
      ],
      "drawn": false,
      "flags": {},
      "img": "systems/pirateborg/icons/equipment/gear/spyglass.png",
      "documentCollection": "pirateborg.equipment-gear",
      "documentId": "TTuT2NykyEA6hdzW",
      "_key": "!tables.results!Nv1GjEGgyhydzSZf.DmjK9WpMlyQMzYT5"
    },
    {
      "_id": "uERfrRXybSzhC6Cg",
      "type": "pack",
      "text": "Fishing rod",
      "weight": 1,
      "range": [
        3,
        3
      ],
      "drawn": false,
      "flags": {},
      "img": "systems/pirateborg/icons/equipment/gear/fishing-rod.png",
      "documentCollection": "pirateborg.equipment-gear",
      "documentId": "GJRv4nqpSLc4g3qp",
      "_key": "!tables.results!Nv1GjEGgyhydzSZf.uERfrRXybSzhC6Cg"
    },
    {
      "_id": "EX9O1FoXBXIKoUMs",
      "type": "pack",
      "text": "d20 Ancient relics",
      "weight": 1,
      "range": [
        4,
        4
      ],
      "drawn": false,
      "flags": {},
      "img": "icons/svg/d20-grey.svg",
      "documentCollection": "pirateborg.rolls-character-creation",
      "documentId": "YXfRZ70cExWDvJq1",
      "_key": "!tables.results!Nv1GjEGgyhydzSZf.EX9O1FoXBXIKoUMs"
    },
    {
      "_id": "pItr7bic7FoA6Rzz",
      "type": "pack",
      "text": "Bottle of fine rum",
      "weight": 1,
      "range": [
        5,
        5
      ],
      "drawn": false,
      "flags": {},
      "img": "systems/pirateborg/icons/equipment/gear/bottle-fine-rum.png",
      "documentCollection": "pirateborg.equipment-gear",
      "documentId": "lvMmr234xK4lDTt9",
      "_key": "!tables.results!Nv1GjEGgyhydzSZf.pItr7bic7FoA6Rzz"
    },
    {
      "_id": "6MMdWlzSFtwoJhr1",
      "type": "pack",
      "text": "Pocket watch",
      "weight": 1,
      "range": [
        6,
        6
      ],
      "drawn": false,
      "flags": {},
      "img": "systems/pirateborg/icons/equipment/gear/pocket-watch.png",
      "documentCollection": "pirateborg.equipment-gear",
      "documentId": "XH3MoTJneAvB25Yx",
      "_key": "!tables.results!Nv1GjEGgyhydzSZf.6MMdWlzSFtwoJhr1"
    },
    {
      "_id": "XfTPYtuHIjqb0oxl",
      "type": "pack",
      "text": "Blanket &amp; pillow",
      "weight": 1,
      "range": [
        7,
        7
      ],
      "drawn": false,
      "flags": {},
      "img": "systems/pirateborg/icons/equipment/gear/blanket-pillow.png",
      "documentCollection": "pirateborg.equipment-gear",
      "documentId": "nOYIYKoKa3qXxU38",
      "_key": "!tables.results!Nv1GjEGgyhydzSZf.XfTPYtuHIjqb0oxl"
    },
    {
      "_id": "0KabruFEdm5cBJkU",
      "type": "pack",
      "text": "Ink, quill, parchment",
      "weight": 1,
      "range": [
        8,
        8
      ],
      "drawn": false,
      "flags": {},
      "img": "systems/pirateborg/icons/equipment/gear/ink-quill-paper.png",
      "documentCollection": "pirateborg.equipment-gear",
      "documentId": "1Y3gM4XjlMh0oURf",
      "_key": "!tables.results!Nv1GjEGgyhydzSZf.0KabruFEdm5cBJkU"
    },
    {
      "_id": "RcvIgb5frO9txT7g",
      "type": "pack",
      "text": "Worn out book",
      "weight": 1,
      "range": [
        9,
        9
      ],
      "drawn": false,
      "flags": {},
      "img": "systems/pirateborg/icons/equipment/gear/worn-out-book.png",
      "documentCollection": "pirateborg.equipment-gear",
      "documentId": "EQRw9OglGl0hq73c",
      "_key": "!tables.results!Nv1GjEGgyhydzSZf.RcvIgb5frO9txT7g"
    },
    {
      "_id": "NSNm6uht66uodr0d",
      "type": "pack",
      "text": "Tent",
      "weight": 1,
      "range": [
        10,
        10
      ],
      "drawn": false,
      "flags": {},
      "img": "systems/pirateborg/icons/equipment/gear/tent.png",
      "documentCollection": "pirateborg.equipment-gear",
      "documentId": "Eukb7s2KEbyoydHb",
      "_key": "!tables.results!Nv1GjEGgyhydzSZf.NSNm6uht66uodr0d"
    },
    {
      "_id": "QfC3xsopIcr26aaw",
      "type": "pack",
      "text": "Whetstone",
      "weight": 1,
      "range": [
        11,
        11
      ],
      "drawn": false,
      "flags": {},
      "img": "systems/pirateborg/icons/equipment/gear/whetstone.png",
      "documentCollection": "pirateborg.equipment-gear",
      "documentId": "NXOxzqM8AgvZYP44",
      "_key": "!tables.results!Nv1GjEGgyhydzSZf.QfC3xsopIcr26aaw"
    },
    {
      "_id": "J81hDwGP4SkP7jSh",
      "type": "pack",
      "text": "d10 Instruments",
      "weight": 1,
      "range": [
        12,
        12
      ],
      "drawn": false,
      "flags": {},
      "img": "icons/svg/d20-grey.svg",
      "documentCollection": "pirateborg.rolls-character-creation",
      "documentId": "5LnpMiTEgxAqUtow",
      "_key": "!tables.results!Nv1GjEGgyhydzSZf.J81hDwGP4SkP7jSh"
    },
    {
      "_id": "kP514vPgbSugMLTz",
      "type": "text",
      "text": "description: old pocket watch",
      "weight": 1,
      "range": [
        6,
        6
      ],
      "drawn": false,
      "flags": {},
      "img": "icons/svg/d20-black.svg",
      "documentId": null,
      "_key": "!tables.results!Nv1GjEGgyhydzSZf.kP514vPgbSugMLTz"
    }
  ],
  "formula": "d12",
  "replacement": true,
  "displayRoll": true,
  "folder": null,
  "sort": 0,
  "flags": {},
  "ownership": {
    "default": 0
  },
  "_stats": {
    "coreVersion": "12.331",
    "systemId": null,
    "systemVersion": null,
    "createdTime": null,
    "modifiedTime": null,
    "lastModifiedBy": null,
    "duplicateSource": null
  },
  "_key": "!tables!Nv1GjEGgyhydzSZf"
}
