{
  "_id": "69jTQJhOSKHq8NiT",
  "name": "d12 Cheap gear",
  "img": "icons/svg/d20-grey.svg",
  "description": "",
  "results": [
    {
      "_id": "03xHksa7BKxvfwCT",
      "type": "pack",
      "text": "Lantern",
      "weight": 1,
      "range": [
        1,
        1
      ],
      "drawn": false,
      "flags": {},
      "img": "systems/pirateborg/icons/equipment/gear/lantern.png",
      "documentCollection": "pirateborg.equipment-gear",
      "documentId": "Vyombju1Polee1v1",
      "_key": "!tables.results!69jTQJhOSKHq8NiT.03xHksa7BKxvfwCT"
    },
    {
      "_id": "XGr1aLmxRnDb0PhO",
      "type": "pack",
      "text": "Candle",
      "weight": 1,
      "range": [
        2,
        2
      ],
      "drawn": false,
      "flags": {},
      "img": "systems/pirateborg/icons/equipment/gear/candle.png",
      "documentCollection": "pirateborg.equipment-gear",
      "documentId": "ODkpsHRRjyHr37d5",
      "_key": "!tables.results!69jTQJhOSKHq8NiT.XGr1aLmxRnDb0PhO"
    },
    {
      "_id": "bIXCjee4lWQXDtgh",
      "type": "pack",
      "text": "Rope",
      "weight": 1,
      "range": [
        3,
        3
      ],
      "drawn": false,
      "flags": {},
      "img": "systems/pirateborg/icons/equipment/gear/rope.png",
      "documentCollection": "pirateborg.equipment-gear",
      "documentId": "vyViHBpBclBAkwki",
      "_key": "!tables.results!69jTQJhOSKHq8NiT.bIXCjee4lWQXDtgh"
    },
    {
      "_id": "S30K4PsnUx4GcW2a",
      "type": "pack",
      "text": "Shovel",
      "weight": 1,
      "range": [
        4,
        4
      ],
      "drawn": false,
      "flags": {},
      "img": "systems/pirateborg/icons/equipment/gear/shovel.png",
      "documentCollection": "pirateborg.equipment-gear",
      "documentId": "EPh1Aw2gGbG24Qj6",
      "_key": "!tables.results!69jTQJhOSKHq8NiT.S30K4PsnUx4GcW2a"
    },
    {
      "_id": "8eYwWPLlVECMI5nD",
      "type": "pack",
      "text": "Weighted dice",
      "weight": 1,
      "range": [
        6,
        6
      ],
      "drawn": false,
      "flags": {},
      "img": "systems/pirateborg/icons/equipment/gear/weighted-dice.png",
      "documentCollection": "pirateborg.equipment-gear",
      "documentId": "0dJCJC1IKzFITe73",
      "_key": "!tables.results!69jTQJhOSKHq8NiT.8eYwWPLlVECMI5nD"
    },
    {
      "_id": "33Faqxq01HaHwbrV",
      "type": "pack",
      "text": "Flint and steel",
      "weight": 1,
      "range": [
        7,
        7
      ],
      "drawn": false,
      "flags": {},
      "img": "systems/pirateborg/icons/equipment/gear/flint-and-steel.png",
      "documentCollection": "pirateborg.equipment-gear",
      "documentId": "C6aigUZ5x0f5j4Kp",
      "_key": "!tables.results!69jTQJhOSKHq8NiT.33Faqxq01HaHwbrV"
    },
    {
      "_id": "0GTAzrKZ99ksW45S",
      "type": "pack",
      "text": "Hammer",
      "weight": 1,
      "range": [
        8,
        8
      ],
      "drawn": false,
      "flags": {},
      "img": "systems/pirateborg/icons/equipment/gear/hammer.png",
      "documentCollection": "pirateborg.equipment-gear",
      "documentId": "NAQ4xMO2YapFcdGb",
      "_key": "!tables.results!69jTQJhOSKHq8NiT.0GTAzrKZ99ksW45S"
    },
    {
      "_id": "GegGa9dg1alvFZbW",
      "type": "pack",
      "text": "Mess kit",
      "weight": 1,
      "range": [
        9,
        9
      ],
      "drawn": false,
      "flags": {},
      "img": "systems/pirateborg/icons/equipment/gear/mess-kit.png",
      "documentCollection": "pirateborg.equipment-gear",
      "documentId": "1Y4xuIuu8wRdP2J2",
      "_key": "!tables.results!69jTQJhOSKHq8NiT.GegGa9dg1alvFZbW"
    },
    {
      "_id": "lL7A1uAI2wxiVP8y",
      "type": "pack",
      "text": "Smoking pipe",
      "weight": 1,
      "range": [
        10,
        10
      ],
      "drawn": false,
      "flags": {},
      "img": "systems/pirateborg/icons/equipment/gear/smoking-pipe.png",
      "documentCollection": "pirateborg.equipment-gear",
      "documentId": "ht2OJUPWNLh7j51f",
      "_key": "!tables.results!69jTQJhOSKHq8NiT.lL7A1uAI2wxiVP8y"
    },
    {
      "_id": "LJHv69NPKpdYTM9s",
      "type": "pack",
      "text": "Torch",
      "weight": 1,
      "range": [
        11,
        11
      ],
      "drawn": false,
      "flags": {},
      "img": "systems/pirateborg/icons/equipment/gear/torch.png",
      "documentCollection": "pirateborg.equipment-gear",
      "documentId": "fhG0IQ1LruVhm6nA",
      "_key": "!tables.results!69jTQJhOSKHq8NiT.LJHv69NPKpdYTM9s"
    },
    {
      "_id": "Ck945jCYcdf1iG67",
      "type": "text",
      "text": "quantity: [[d6]]",
      "weight": 1,
      "range": [
        11,
        11
      ],
      "drawn": false,
      "flags": {},
      "img": "icons/svg/d20-black.svg",
      "documentId": null,
      "_key": "!tables.results!69jTQJhOSKHq8NiT.Ck945jCYcdf1iG67"
    },
    {
      "_id": "L9gWAaY3db98Kr5x",
      "type": "pack",
      "text": "d10 Pets",
      "weight": 1,
      "range": [
        12,
        12
      ],
      "drawn": false,
      "flags": {},
      "img": "icons/svg/d20-grey.svg",
      "documentCollection": "pirateborg.rolls-character-creation",
      "documentId": "xmidqWr39OSvzIad",
      "_key": "!tables.results!69jTQJhOSKHq8NiT.L9gWAaY3db98Kr5x"
    },
    {
      "_id": "iREdw1j8ZCJbOcmi",
      "type": "pack",
      "text": "Lantern oil",
      "weight": 1,
      "range": [
        1,
        1
      ],
      "drawn": false,
      "flags": {},
      "img": "systems/pirateborg/icons/equipment/gear/lantern-oil.png",
      "documentCollection": "pirateborg.equipment-gear",
      "documentId": "fIlSoUxzIJUJUJUy",
      "_key": "!tables.results!69jTQJhOSKHq8NiT.iREdw1j8ZCJbOcmi"
    },
    {
      "_id": "75tDEzGwGYQuGfp4",
      "type": "text",
      "text": "description: [[d6]] hour of oil",
      "weight": 1,
      "range": [
        1,
        1
      ],
      "drawn": false,
      "flags": {},
      "img": "icons/svg/d20-black.svg",
      "documentId": null,
      "_key": "!tables.results!69jTQJhOSKHq8NiT.75tDEzGwGYQuGfp4"
    },
    {
      "_id": "om7im4f8tZfl9Ew5",
      "type": "text",
      "text": "quantity: [[d4]]",
      "weight": 1,
      "range": [
        2,
        2
      ],
      "drawn": false,
      "flags": {},
      "img": "icons/svg/d20-black.svg",
      "documentId": null,
      "_key": "!tables.results!69jTQJhOSKHq8NiT.om7im4f8tZfl9Ew5"
    },
    {
      "_id": "MIZej2tieJwqL6as",
      "type": "text",
      "text": "description: hammer &amp; nails",
      "weight": 1,
      "range": [
        8,
        8
      ],
      "drawn": false,
      "flags": {},
      "img": "icons/svg/d20-black.svg",
      "documentId": null,
      "_key": "!tables.results!69jTQJhOSKHq8NiT.MIZej2tieJwqL6as"
    },
    {
      "_id": "EkREcLCqYDcFDVMe",
      "type": "pack",
      "text": "Tobacco",
      "weight": 1,
      "range": [
        10,
        10
      ],
      "drawn": false,
      "flags": {},
      "img": "systems/pirateborg/icons/equipment/gear/tobacco.png",
      "documentCollection": "pirateborg.equipment-gear",
      "documentId": "evUD546oYBvGyJmb",
      "_key": "!tables.results!69jTQJhOSKHq8NiT.EkREcLCqYDcFDVMe"
    },
    {
      "_id": "WF97V7c5zSlOEpor",
      "type": "pack",
      "text": "Medical kit",
      "weight": 1,
      "range": [
        5,
        5
      ],
      "drawn": false,
      "flags": {},
      "img": "systems/pirateborg/icons/equipment/gear/medical-kit.png",
      "documentCollection": "pirateborg.equipment-gear",
      "documentId": "KdgTKmZpX6IiVHGn",
      "_key": "!tables.results!69jTQJhOSKHq8NiT.WF97V7c5zSlOEpor"
    }
  ],
  "formula": "d12",
  "replacement": true,
  "displayRoll": true,
  "folder": null,
  "sort": 0,
  "flags": {},
  "ownership": {
    "default": 0
  },
  "_stats": {
    "coreVersion": "12.331",
    "systemId": null,
    "systemVersion": null,
    "createdTime": null,
    "modifiedTime": null,
    "lastModifiedBy": null,
    "duplicateSource": null
  },
  "_key": "!tables!69jTQJhOSKHq8NiT"
}
