{
  "_id": "sjglJ6EDdyqC1qh9",
  "name": "d12 Starting hats",
  "img": "icons/svg/d20-grey.svg",
  "description": "",
  "results": [
    {
      "_id": "cmXzmmJ6pZNxLK5Q",
      "type": "pack",
      "text": "Wig",
      "weight": 1,
      "range": [
        5,
        5
      ],
      "drawn": false,
      "flags": {},
      "img": "systems/pirateborg/icons/equipment/hats/wig.png",
      "documentCollection": "pirateborg.equipment-hats",
      "documentId": "sKk6MBZIpdCjq5UI",
      "_key": "!tables.results!sjglJ6EDdyqC1qh9.cmXzmmJ6pZNxLK5Q"
    },
    {
      "_id": "WYcTySYV2FHnLzh3",
      "type": "pack",
      "text": "Bandanna",
      "weight": 1,
      "range": [
        6,
        6
      ],
      "drawn": false,
      "flags": {},
      "img": "systems/pirateborg/icons/equipment/hats/bandanna.png",
      "documentCollection": "pirateborg.equipment-hats",
      "documentId": "KAuRP8a5VLFo0ze9",
      "_key": "!tables.results!sjglJ6EDdyqC1qh9.WYcTySYV2FHnLzh3"
    },
    {
      "_id": "70rKH6mcPpxCJdws",
      "type": "pack",
      "text": "Cavalier",
      "weight": 1,
      "range": [
        7,
        7
      ],
      "drawn": false,
      "flags": {},
      "img": "systems/pirateborg/icons/equipment/hats/cavalier.png",
      "documentCollection": "pirateborg.equipment-hats",
      "documentId": "QUgXibCORTUeVEHI",
      "_key": "!tables.results!sjglJ6EDdyqC1qh9.70rKH6mcPpxCJdws"
    },
    {
      "_id": "x4h068dGjcfztDi8",
      "type": "pack",
      "text": "Bicorne",
      "weight": 1,
      "range": [
        8,
        8
      ],
      "drawn": false,
      "flags": {},
      "img": "systems/pirateborg/icons/equipment/hats/bicorne.png",
      "documentCollection": "pirateborg.equipment-hats",
      "documentId": "OraNpvJhRBn9t2cS",
      "_key": "!tables.results!sjglJ6EDdyqC1qh9.x4h068dGjcfztDi8"
    },
    {
      "_id": "NO8WXvkXed53LwCj",
      "type": "pack",
      "text": "Plain tricorne",
      "weight": 1,
      "range": [
        9,
        9
      ],
      "drawn": false,
      "flags": {},
      "img": "systems/pirateborg/icons/equipment/hats/plain-tricorne.png",
      "documentCollection": "pirateborg.equipment-hats",
      "documentId": "1jj2mk6uLb3glRXA",
      "_key": "!tables.results!sjglJ6EDdyqC1qh9.NO8WXvkXed53LwCj"
    },
    {
      "_id": "p7ezEXVRUnFF6phG",
      "type": "pack",
      "text": "Fancy tricorne",
      "weight": 1,
      "range": [
        10,
        10
      ],
      "drawn": false,
      "flags": {},
      "img": "systems/pirateborg/icons/equipment/hats/fancy-tricorne.png",
      "documentCollection": "pirateborg.equipment-hats",
      "documentId": "Q0MKChZGQGR7s8ir",
      "_key": "!tables.results!sjglJ6EDdyqC1qh9.p7ezEXVRUnFF6phG"
    },
    {
      "_id": "ZFPN7gVVLosM4gri",
      "type": "pack",
      "text": "Metal lined hat",
      "weight": 1,
      "range": [
        11,
        11
      ],
      "drawn": false,
      "flags": {},
      "img": "systems/pirateborg/icons/equipment/hats/metal-lined-hat.png",
      "documentCollection": "pirateborg.equipment-hats",
      "documentId": "cljgtksYMJJYMvEs",
      "_key": "!tables.results!sjglJ6EDdyqC1qh9.ZFPN7gVVLosM4gri"
    },
    {
      "_id": "EcBZOgM4n82jrHmT",
      "type": "pack",
      "text": "Morion",
      "weight": 1,
      "range": [
        12,
        12
      ],
      "drawn": false,
      "flags": {},
      "img": "systems/pirateborg/icons/equipment/hats/conquistador-helmet.png",
      "documentCollection": "pirateborg.equipment-hats",
      "documentId": "BgYoavjKu6Uc02bW",
      "_key": "!tables.results!sjglJ6EDdyqC1qh9.EcBZOgM4n82jrHmT"
    },
    {
      "_id": "7Yqsf42xCaOYUKIE",
      "type": "text",
      "text": "None",
      "weight": 1,
      "range": [
        1,
        4
      ],
      "drawn": false,
      "flags": {},
      "img": "icons/svg/d20-black.svg",
      "documentId": null,
      "_key": "!tables.results!sjglJ6EDdyqC1qh9.7Yqsf42xCaOYUKIE"
    }
  ],
  "formula": "1d12",
  "replacement": true,
  "displayRoll": true,
  "folder": null,
  "sort": 0,
  "flags": {},
  "ownership": {
    "default": 0
  },
  "_stats": {
    "coreVersion": "12.331",
    "systemId": null,
    "systemVersion": null,
    "createdTime": null,
    "modifiedTime": null,
    "lastModifiedBy": null,
    "duplicateSource": null
  },
  "_key": "!tables!sjglJ6EDdyqC1qh9"
}
