{
  "_id": "YXfRZ70cExWDvJq1",
  "name": "d20 Ancient relics",
  "img": "icons/svg/d20-grey.svg",
  "description": "Ancient relics",
  "results": [
    {
      "text": "Cross of the Paragon",
      "type": "pack",
      "img": "systems/pirateborg/icons/misc/relic.png",
      "weight": 1,
      "range": [
        1,
        1
      ],
      "drawn": false,
      "_id": "l5qm2sl8sp8tt1gi",
      "flags": {},
      "documentCollection": "pirateborg.invokable-ancient-relics",
      "documentId": "8DBLdGGmQMr5H1B9",
      "_key": "!tables.results!YXfRZ70cExWDvJq1.l5qm2sl8sp8tt1gi"
    },
    {
      "text": "Conch Shell from the Abyss",
      "type": "pack",
      "img": "systems/pirateborg/icons/misc/relic.png",
      "weight": 1,
      "range": [
        2,
        2
      ],
      "drawn": false,
      "_id": "9ditklocxzumoczj",
      "flags": {},
      "documentCollection": "pirateborg.invokable-ancient-relics",
      "documentId": "LmBxqKGa5K6Q5cw2",
      "_key": "!tables.results!YXfRZ70cExWDvJq1.9ditklocxzumoczj"
    },
    {
      "text": "Map Inked in Ectoplasm",
      "type": "pack",
      "img": "systems/pirateborg/icons/misc/relic.png",
      "weight": 1,
      "range": [
        3,
        3
      ],
      "drawn": false,
      "_id": "7hmi33v7nkveyk7r",
      "flags": {},
      "documentCollection": "pirateborg.invokable-ancient-relics",
      "documentId": "By3b67C1TaTpduqG",
      "_key": "!tables.results!YXfRZ70cExWDvJq1.7hmi33v7nkveyk7r"
    },
    {
      "text": "Will-o'-the-wisp Lantern",
      "type": "pack",
      "img": "systems/pirateborg/icons/misc/relic.png",
      "weight": 1,
      "range": [
        4,
        4
      ],
      "drawn": false,
      "_id": "wdva6ys4tkbfdzq1",
      "flags": {},
      "documentCollection": "pirateborg.invokable-ancient-relics",
      "documentId": "TlHY15qbfmh8n5Z8",
      "_key": "!tables.results!YXfRZ70cExWDvJq1.wdva6ys4tkbfdzq1"
    },
    {
      "text": "Pages from the Necronomicon",
      "type": "pack",
      "img": "systems/pirateborg/icons/misc/relic.png",
      "weight": 1,
      "range": [
        5,
        5
      ],
      "drawn": false,
      "_id": "rstl6vs6a5j1o4y1",
      "flags": {},
      "documentCollection": "pirateborg.invokable-ancient-relics",
      "documentId": "ANjiGZyU2nFdx9PO",
      "_key": "!tables.results!YXfRZ70cExWDvJq1.rstl6vs6a5j1o4y1"
    },
    {
      "text": "Rune Encrusted Flintlock Pistol",
      "type": "pack",
      "img": "systems/pirateborg/icons/misc/relic.png",
      "weight": 1,
      "range": [
        6,
        6
      ],
      "drawn": false,
      "_id": "knzbkjp1mxpcl5sh",
      "flags": {},
      "documentCollection": "pirateborg.invokable-ancient-relics",
      "documentId": "rsjKJDDmUwW3Ab8k",
      "_key": "!tables.results!YXfRZ70cExWDvJq1.knzbkjp1mxpcl5sh"
    },
    {
      "text": "Jade Die",
      "type": "pack",
      "img": "systems/pirateborg/icons/misc/relic.png",
      "weight": 1,
      "range": [
        7,
        7
      ],
      "drawn": false,
      "_id": "kx72iaanopo2yp6a",
      "flags": {},
      "documentCollection": "pirateborg.invokable-ancient-relics",
      "documentId": "nLzAjJaU8DhwF13N",
      "_key": "!tables.results!YXfRZ70cExWDvJq1.kx72iaanopo2yp6a"
    },
    {
      "text": "Undead Bird",
      "type": "pack",
      "img": "systems/pirateborg/icons/misc/relic.png",
      "weight": 1,
      "range": [
        8,
        8
      ],
      "drawn": false,
      "_id": "cs8itj6ph0vcyb9y",
      "flags": {},
      "documentCollection": "pirateborg.invokable-ancient-relics",
      "documentId": "pM1Vy3BDdi8qMbu3",
      "_key": "!tables.results!YXfRZ70cExWDvJq1.cs8itj6ph0vcyb9y"
    },
    {
      "text": "Mermaid Scales",
      "type": "pack",
      "img": "systems/pirateborg/icons/misc/relic.png",
      "weight": 1,
      "range": [
        9,
        9
      ],
      "drawn": false,
      "_id": "rt8ca4kjb5t96lbp",
      "flags": {},
      "documentCollection": "pirateborg.invokable-ancient-relics",
      "documentId": "Tbbx5I51pu1QyGL1",
      "_key": "!tables.results!YXfRZ70cExWDvJq1.rt8ca4kjb5t96lbp"
    },
    {
      "text": "Charon's Obol",
      "type": "pack",
      "img": "systems/pirateborg/icons/misc/relic.png",
      "weight": 1,
      "range": [
        10,
        10
      ],
      "drawn": false,
      "_id": "walzepubwcre7bbn",
      "flags": {},
      "documentCollection": "pirateborg.invokable-ancient-relics",
      "documentId": "XvxgVhYWPr4g1nfe",
      "_key": "!tables.results!YXfRZ70cExWDvJq1.walzepubwcre7bbn"
    },
    {
      "text": "Cup of the Carpenter",
      "type": "pack",
      "img": "systems/pirateborg/icons/misc/relic.png",
      "weight": 1,
      "range": [
        11,
        11
      ],
      "drawn": false,
      "_id": "bkbdi70sxjnzgomq",
      "flags": {},
      "documentCollection": "pirateborg.invokable-ancient-relics",
      "documentId": "UPJIy6ndkc3asTca",
      "_key": "!tables.results!YXfRZ70cExWDvJq1.bkbdi70sxjnzgomq"
    },
    {
      "text": "Heart of the Sea",
      "type": "pack",
      "img": "systems/pirateborg/icons/misc/relic.png",
      "weight": 1,
      "range": [
        12,
        12
      ],
      "drawn": false,
      "_id": "lh7wa23vceam4b6x",
      "flags": {},
      "documentCollection": "pirateborg.invokable-ancient-relics",
      "documentId": "z0NrPZILh67xY5YE",
      "_key": "!tables.results!YXfRZ70cExWDvJq1.lh7wa23vceam4b6x"
    },
    {
      "text": "Necklace of Eyeballs",
      "type": "pack",
      "img": "systems/pirateborg/icons/misc/relic.png",
      "weight": 1,
      "range": [
        13,
        13
      ],
      "drawn": false,
      "_id": "w2azxaec52p1yrkk",
      "flags": {},
      "documentCollection": "pirateborg.invokable-ancient-relics",
      "documentId": "fIyHYKPjwOzuWRBC",
      "_key": "!tables.results!YXfRZ70cExWDvJq1.w2azxaec52p1yrkk"
    },
    {
      "text": "Crown of the Sunken Lord",
      "type": "pack",
      "img": "systems/pirateborg/icons/misc/relic.png",
      "weight": 1,
      "range": [
        14,
        14
      ],
      "drawn": false,
      "_id": "o2ylwwqrjpgl07mi",
      "flags": {},
      "documentCollection": "pirateborg.invokable-ancient-relics",
      "documentId": "uMFtG3p9fuaMJzKU",
      "_key": "!tables.results!YXfRZ70cExWDvJq1.o2ylwwqrjpgl07mi"
    },
    {
      "text": "Crystalline Skull",
      "type": "pack",
      "img": "systems/pirateborg/icons/misc/relic.png",
      "weight": 1,
      "range": [
        15,
        15
      ],
      "drawn": false,
      "_id": "khcoo55qx2fm0cew",
      "flags": {},
      "documentCollection": "pirateborg.invokable-ancient-relics",
      "documentId": "ZAOlmwTxlX4xVLQp",
      "_key": "!tables.results!YXfRZ70cExWDvJq1.khcoo55qx2fm0cew"
    },
    {
      "text": "Codex Tablet",
      "type": "pack",
      "img": "systems/pirateborg/icons/misc/relic.png",
      "weight": 1,
      "range": [
        16,
        16
      ],
      "drawn": false,
      "_id": "kqkrdm3nx0rk3y8b",
      "flags": {},
      "documentCollection": "pirateborg.invokable-ancient-relics",
      "documentId": "lQbLf3Q7ydxMv5u2",
      "_key": "!tables.results!YXfRZ70cExWDvJq1.kqkrdm3nx0rk3y8b"
    },
    {
      "text": "Skeleton Key",
      "type": "pack",
      "img": "systems/pirateborg/icons/misc/relic.png",
      "weight": 1,
      "range": [
        17,
        17
      ],
      "drawn": false,
      "_id": "07t41co2fat683vo",
      "flags": {},
      "documentCollection": "pirateborg.invokable-ancient-relics",
      "documentId": "5BysSMhBMUK8Wq2g",
      "_key": "!tables.results!YXfRZ70cExWDvJq1.07t41co2fat683vo"
    },
    {
      "text": "Mummified Monkey Head",
      "type": "pack",
      "img": "systems/pirateborg/icons/misc/relic.png",
      "weight": 1,
      "range": [
        18,
        18
      ],
      "drawn": false,
      "_id": "gh8uf9tjxr8obkz1",
      "flags": {},
      "documentCollection": "pirateborg.invokable-ancient-relics",
      "documentId": "uI3Nj4gXZLzZhgOq",
      "_key": "!tables.results!YXfRZ70cExWDvJq1.gh8uf9tjxr8obkz1"
    },
    {
      "text": "Great Old One Figurine",
      "type": "pack",
      "img": "systems/pirateborg/icons/misc/relic.png",
      "weight": 1,
      "range": [
        19,
        19
      ],
      "drawn": false,
      "_id": "qt9nfuzvk4e1qz7v",
      "flags": {},
      "documentCollection": "pirateborg.invokable-ancient-relics",
      "documentId": "PXgxd8lYBAsxUPnD",
      "_key": "!tables.results!YXfRZ70cExWDvJq1.qt9nfuzvk4e1qz7v"
    },
    {
      "text": "Broken Compass",
      "type": "pack",
      "img": "systems/pirateborg/icons/misc/relic.png",
      "weight": 1,
      "range": [
        20,
        20
      ],
      "drawn": false,
      "_id": "obvi46t9ovnym041",
      "flags": {},
      "documentCollection": "pirateborg.invokable-ancient-relics",
      "documentId": "agA5xCOdjSwBUUzn",
      "_key": "!tables.results!YXfRZ70cExWDvJq1.obvi46t9ovnym041"
    }
  ],
  "formula": "1d20",
  "replacement": true,
  "displayRoll": true,
  "folder": null,
  "sort": 0,
  "flags": {},
  "ownership": {
    "default": 0
  },
  "_stats": {
    "coreVersion": "12.331",
    "systemId": null,
    "systemVersion": null,
    "createdTime": null,
    "modifiedTime": null,
    "lastModifiedBy": null,
    "duplicateSource": null
  },
  "_key": "!tables!YXfRZ70cExWDvJq1"
}
