{
  "_id": "WxY6dDA8UGahiukE",
  "name": "d20 Arcane rituals",
  "img": "icons/svg/d20-grey.svg",
  "description": "A random table created from the contents of the Arcane rituals Folder.",
  "results": [
    {
      "text": "Call of the Sea",
      "type": "pack",
      "img": "systems/pirateborg/icons/misc/arcane-ritual.png",
      "weight": 1,
      "range": [
        1,
        1
      ],
      "drawn": false,
      "_id": "ckxkc5i2dv5ftdsl",
      "flags": {},
      "documentCollection": "pirateborg.invokable-arcane-rituals",
      "documentId": "JIcvijvyiIIEFGyV",
      "_key": "!tables.results!WxY6dDA8UGahiukE.ckxkc5i2dv5ftdsl"
    },
    {
      "text": "Curse of the Drowned",
      "type": "pack",
      "img": "systems/pirateborg/icons/misc/arcane-ritual.png",
      "weight": 1,
      "range": [
        2,
        2
      ],
      "drawn": false,
      "_id": "8vcdesnknood4h9g",
      "flags": {},
      "documentCollection": "pirateborg.invokable-arcane-rituals",
      "documentId": "n2hI94U5o3CY0wI9",
      "_key": "!tables.results!WxY6dDA8UGahiukE.8vcdesnknood4h9g"
    },
    {
      "text": "Dark Delusions",
      "type": "pack",
      "img": "systems/pirateborg/icons/misc/arcane-ritual.png",
      "weight": 1,
      "range": [
        3,
        3
      ],
      "drawn": false,
      "_id": "26ws8ce1bry42i47",
      "flags": {},
      "documentCollection": "pirateborg.invokable-arcane-rituals",
      "documentId": "0YT9OwwBIzFUOv1D",
      "_key": "!tables.results!WxY6dDA8UGahiukE.26ws8ce1bry42i47"
    },
    {
      "text": "Divination",
      "type": "pack",
      "img": "systems/pirateborg/icons/misc/arcane-ritual.png",
      "weight": 1,
      "range": [
        4,
        4
      ],
      "drawn": false,
      "_id": "6qs4xer92bf3wcxl",
      "flags": {},
      "documentCollection": "pirateborg.invokable-arcane-rituals",
      "documentId": "lgxbkDCqZ2bBQ8wo",
      "_key": "!tables.results!WxY6dDA8UGahiukE.6qs4xer92bf3wcxl"
    },
    {
      "text": "Eldritch Tentacles",
      "type": "pack",
      "img": "systems/pirateborg/icons/misc/arcane-ritual.png",
      "weight": 1,
      "range": [
        5,
        5
      ],
      "drawn": false,
      "_id": "ob849elkc41sivgp",
      "flags": {},
      "documentCollection": "pirateborg.invokable-arcane-rituals",
      "documentId": "pxGux1jivInKvMx9",
      "_key": "!tables.results!WxY6dDA8UGahiukE.ob849elkc41sivgp"
    },
    {
      "text": "Heart Hex",
      "type": "pack",
      "img": "systems/pirateborg/icons/misc/arcane-ritual.png",
      "weight": 1,
      "range": [
        6,
        6
      ],
      "drawn": false,
      "_id": "1pho0mps4r614s67",
      "flags": {},
      "documentCollection": "pirateborg.invokable-arcane-rituals",
      "documentId": "xhQBrTfC09FYje8q",
      "_key": "!tables.results!WxY6dDA8UGahiukE.1pho0mps4r614s67"
    },
    {
      "text": "Thalassomancy",
      "type": "pack",
      "img": "systems/pirateborg/icons/misc/arcane-ritual.png",
      "weight": 1,
      "range": [
        7,
        7
      ],
      "drawn": false,
      "_id": "r1ioz2156orh58x8",
      "flags": {},
      "documentCollection": "pirateborg.invokable-arcane-rituals",
      "documentId": "AwPCCxUcnSRqIRco",
      "_key": "!tables.results!WxY6dDA8UGahiukE.r1ioz2156orh58x8"
    },
    {
      "text": "Light of a Thousand Stars",
      "type": "pack",
      "img": "systems/pirateborg/icons/misc/arcane-ritual.png",
      "weight": 1,
      "range": [
        8,
        8
      ],
      "drawn": false,
      "_id": "cfjculfiht5qqrfx",
      "flags": {},
      "documentCollection": "pirateborg.invokable-arcane-rituals",
      "documentId": "Qc8lbxQg03PVRkl0",
      "_key": "!tables.results!WxY6dDA8UGahiukE.cfjculfiht5qqrfx"
    },
    {
      "text": "Mermaid's Kiss",
      "type": "pack",
      "img": "systems/pirateborg/icons/misc/arcane-ritual.png",
      "weight": 1,
      "range": [
        9,
        9
      ],
      "drawn": false,
      "_id": "u2viws1ycos1vghh",
      "flags": {},
      "documentCollection": "pirateborg.invokable-arcane-rituals",
      "documentId": "8qy6kGcq6YfiiWYX",
      "_key": "!tables.results!WxY6dDA8UGahiukE.u2viws1ycos1vghh"
    },
    {
      "text": "Mind Manacles",
      "type": "pack",
      "img": "systems/pirateborg/icons/misc/arcane-ritual.png",
      "weight": 1,
      "range": [
        10,
        10
      ],
      "drawn": false,
      "_id": "rh1h4px2uojumtpn",
      "flags": {},
      "documentCollection": "pirateborg.invokable-arcane-rituals",
      "documentId": "XmNX5qADwgu5oDb8",
      "_key": "!tables.results!WxY6dDA8UGahiukE.rh1h4px2uojumtpn"
    },
    {
      "text": "Mists of Confusion",
      "type": "pack",
      "img": "systems/pirateborg/icons/misc/arcane-ritual.png",
      "weight": 1,
      "range": [
        11,
        11
      ],
      "drawn": false,
      "_id": "d7zttus8w3cria8y",
      "flags": {},
      "documentCollection": "pirateborg.invokable-arcane-rituals",
      "documentId": "AjfhYyj0bpTUN1hI",
      "_key": "!tables.results!WxY6dDA8UGahiukE.d7zttus8w3cria8y"
    },
    {
      "text": "Obfuscate Time",
      "type": "pack",
      "img": "systems/pirateborg/icons/misc/arcane-ritual.png",
      "weight": 1,
      "range": [
        12,
        12
      ],
      "drawn": false,
      "_id": "5tsbhivoo1878j2o",
      "flags": {},
      "documentCollection": "pirateborg.invokable-arcane-rituals",
      "documentId": "kMuqoc7AI5xGWTdL",
      "_key": "!tables.results!WxY6dDA8UGahiukE.5tsbhivoo1878j2o"
    },
    {
      "text": "Phantasmal Fauna",
      "type": "pack",
      "img": "systems/pirateborg/icons/misc/arcane-ritual.png",
      "weight": 1,
      "range": [
        13,
        13
      ],
      "drawn": false,
      "_id": "nrcv8n4b9wmgvpra",
      "flags": {},
      "documentCollection": "pirateborg.invokable-arcane-rituals",
      "documentId": "Hkp58x5UM1YPh8OV",
      "_key": "!tables.results!WxY6dDA8UGahiukE.nrcv8n4b9wmgvpra"
    },
    {
      "text": "Release the Kraken",
      "type": "pack",
      "img": "systems/pirateborg/icons/misc/arcane-ritual.png",
      "weight": 1,
      "range": [
        14,
        14
      ],
      "drawn": false,
      "_id": "8m2jfad1z5qlob2d",
      "flags": {},
      "documentCollection": "pirateborg.invokable-arcane-rituals",
      "documentId": "LjAGl888s3KWBKar",
      "_key": "!tables.results!WxY6dDA8UGahiukE.8m2jfad1z5qlob2d"
    },
    {
      "text": "Reopen the Grave",
      "type": "pack",
      "img": "systems/pirateborg/icons/misc/arcane-ritual.png",
      "weight": 1,
      "range": [
        15,
        15
      ],
      "drawn": false,
      "_id": "zoyy5dezjrurcllc",
      "flags": {},
      "documentCollection": "pirateborg.invokable-arcane-rituals",
      "documentId": "Oo5wutwGkEKWXZfq",
      "_key": "!tables.results!WxY6dDA8UGahiukE.zoyy5dezjrurcllc"
    },
    {
      "text": "Return from the Locker",
      "type": "pack",
      "img": "systems/pirateborg/icons/misc/arcane-ritual.png",
      "weight": 1,
      "range": [
        16,
        16
      ],
      "drawn": false,
      "_id": "e7dp5g406u0e5k8k",
      "flags": {},
      "documentCollection": "pirateborg.invokable-arcane-rituals",
      "documentId": "fORCeX7DPICYhKUF",
      "_key": "!tables.results!WxY6dDA8UGahiukE.e7dp5g406u0e5k8k"
    },
    {
      "text": "Spiritual Ward",
      "type": "pack",
      "img": "systems/pirateborg/icons/misc/arcane-ritual.png",
      "weight": 1,
      "range": [
        17,
        17
      ],
      "drawn": false,
      "_id": "r67c75m66ojkydwr",
      "flags": {},
      "documentCollection": "pirateborg.invokable-arcane-rituals",
      "documentId": "zWSeDetkyDGR3eM8",
      "_key": "!tables.results!WxY6dDA8UGahiukE.r67c75m66ojkydwr"
    },
    {
      "text": "Summon the Ferryman",
      "type": "pack",
      "img": "systems/pirateborg/icons/misc/arcane-ritual.png",
      "weight": 1,
      "range": [
        18,
        18
      ],
      "drawn": false,
      "_id": "sqnj356sh4kymyfn",
      "flags": {},
      "documentCollection": "pirateborg.invokable-arcane-rituals",
      "documentId": "emwlVE39waM3F8gq",
      "_key": "!tables.results!WxY6dDA8UGahiukE.sqnj356sh4kymyfn"
    },
    {
      "text": "The Black Spot",
      "type": "pack",
      "img": "systems/pirateborg/icons/misc/arcane-ritual.png",
      "weight": 1,
      "range": [
        19,
        19
      ],
      "drawn": false,
      "_id": "tn5dnxacf21x8g8f",
      "flags": {},
      "documentCollection": "pirateborg.invokable-arcane-rituals",
      "documentId": "Its92jEPpQG0UGjq",
      "_key": "!tables.results!WxY6dDA8UGahiukE.tn5dnxacf21x8g8f"
    },
    {
      "text": "Weathercraft",
      "type": "pack",
      "img": "systems/pirateborg/icons/misc/arcane-ritual.png",
      "weight": 1,
      "range": [
        20,
        20
      ],
      "drawn": false,
      "_id": "bns74b5fy6qur9m1",
      "flags": {},
      "documentCollection": "pirateborg.invokable-arcane-rituals",
      "documentId": "p3mIODXVefl5j6C5",
      "_key": "!tables.results!WxY6dDA8UGahiukE.bns74b5fy6qur9m1"
    }
  ],
  "formula": "1d20",
  "replacement": true,
  "displayRoll": true,
  "folder": null,
  "sort": 0,
  "flags": {},
  "ownership": {
    "default": 0
  },
  "_stats": {
    "coreVersion": "12.331",
    "systemId": null,
    "systemVersion": null,
    "createdTime": null,
    "modifiedTime": null,
    "lastModifiedBy": null,
    "duplicateSource": null
  },
  "_key": "!tables!WxY6dDA8UGahiukE"
}
