{
  "_id": "1QIUIZc6vcFJqsYz",
  "name": "d20 Physical Trademark",
  "img": "icons/svg/d20-grey.svg",
  "description": "Physical Trademark",
  "results": [
    {
      "text": "Missing an eye",
      "type": "pack",
      "img": "systems/pirateborg/icons/misc/ailment.png",
      "weight": 1,
      "range": [
        2,
        2
      ],
      "drawn": false,
      "_id": "96v1zklfaqidi63w",
      "flags": {},
      "documentCollection": "pirateborg.feature-physical-trademark",
      "documentId": "15Fx73HoQ76MirAk",
      "_key": "!tables.results!1QIUIZc6vcFJqsYz.96v1zklfaqidi63w"
    },
    {
      "text": "Missing an ear",
      "type": "pack",
      "img": "systems/pirateborg/icons/misc/ailment.png",
      "weight": 1,
      "range": [
        6,
        6
      ],
      "drawn": false,
      "_id": "b3kjju5yg6au7axx",
      "flags": {},
      "documentCollection": "pirateborg.feature-physical-trademark",
      "documentId": "F3JO98XuGt3Ce8RP",
      "_key": "!tables.results!1QIUIZc6vcFJqsYz.b3kjju5yg6au7axx"
    },
    {
      "text": "Matted, dreaded hair",
      "type": "pack",
      "img": "systems/pirateborg/icons/misc/ailment.png",
      "weight": 1,
      "range": [
        3,
        3
      ],
      "drawn": false,
      "_id": "xs08r3smkkqunztj",
      "flags": {},
      "documentCollection": "pirateborg.feature-physical-trademark",
      "documentId": "opWND0HzQaG5Ygfe",
      "_key": "!tables.results!1QIUIZc6vcFJqsYz.xs08r3smkkqunztj"
    },
    {
      "text": "Missing a leg: peg leg or crutch",
      "type": "pack",
      "img": "systems/pirateborg/icons/misc/ailment.png",
      "weight": 1,
      "range": [
        4,
        4
      ],
      "drawn": false,
      "_id": "q3kapag9vlpqzed3",
      "flags": {},
      "documentCollection": "pirateborg.feature-physical-trademark",
      "documentId": "zkhaHqcWvbORqmdU",
      "_key": "!tables.results!1QIUIZc6vcFJqsYz.q3kapag9vlpqzed3"
    },
    {
      "text": "Missing a hand: hook or claw instead [d4 dmg]",
      "type": "pack",
      "img": "systems/pirateborg/icons/misc/ailment.png",
      "weight": 1,
      "range": [
        5,
        5
      ],
      "drawn": false,
      "_id": "rzodau9smaj3wmy1",
      "flags": {},
      "documentCollection": "pirateborg.feature-physical-trademark",
      "documentId": "vXf80GMPBHAeudoc",
      "_key": "!tables.results!1QIUIZc6vcFJqsYz.rzodau9smaj3wmy1"
    },
    {
      "text": "Putrid, bilge stench",
      "type": "pack",
      "img": "systems/pirateborg/icons/misc/ailment.png",
      "weight": 1,
      "range": [
        17,
        17
      ],
      "drawn": false,
      "_id": "6a9uxspfp0apf5gl",
      "flags": {},
      "documentCollection": "pirateborg.feature-physical-trademark",
      "documentId": "vuwAuaMaaws1KzEI",
      "_key": "!tables.results!1QIUIZc6vcFJqsYz.6a9uxspfp0apf5gl"
    },
    {
      "text": "Many, many tattoos",
      "type": "pack",
      "img": "systems/pirateborg/icons/misc/ailment.png",
      "weight": 1,
      "range": [
        7,
        7
      ],
      "drawn": false,
      "_id": "qh2jcwlrqd2o1deh",
      "flags": {},
      "documentCollection": "pirateborg.feature-physical-trademark",
      "documentId": "qzQjeMC34Mu6bkBg",
      "_key": "!tables.results!1QIUIZc6vcFJqsYz.qh2jcwlrqd2o1deh"
    },
    {
      "text": "Never blinks. Ever.",
      "type": "pack",
      "img": "systems/pirateborg/icons/misc/ailment.png",
      "weight": 1,
      "range": [
        8,
        8
      ],
      "drawn": false,
      "_id": "dxk8b37rj4qa89ot",
      "flags": {},
      "documentCollection": "pirateborg.feature-physical-trademark",
      "documentId": "kfwGPqrU9UKGLcGK",
      "_key": "!tables.results!1QIUIZc6vcFJqsYz.dxk8b37rj4qa89ot"
    },
    {
      "text": "Rotten or broken teeth",
      "type": "pack",
      "img": "systems/pirateborg/icons/misc/ailment.png",
      "weight": 1,
      "range": [
        9,
        9
      ],
      "drawn": false,
      "_id": "rd4deg907464frvw",
      "flags": {},
      "documentCollection": "pirateborg.feature-physical-trademark",
      "documentId": "oJOornosFf3GCcBo",
      "_key": "!tables.results!1QIUIZc6vcFJqsYz.rd4deg907464frvw"
    },
    {
      "text": "Twitches constantly, especially trigger finger",
      "type": "pack",
      "img": "systems/pirateborg/icons/misc/ailment.png",
      "weight": 1,
      "range": [
        10,
        10
      ],
      "drawn": false,
      "_id": "6d15jahuff8j4ndu",
      "flags": {},
      "documentCollection": "pirateborg.feature-physical-trademark",
      "documentId": "g9QaodnStcXlh1el",
      "_key": "!tables.results!1QIUIZc6vcFJqsYz.6d15jahuff8j4ndu"
    },
    {
      "text": "A nigh incurable case of scurvy: permanently bleeding gums",
      "type": "pack",
      "img": "systems/pirateborg/icons/misc/ailment.png",
      "weight": 1,
      "range": [
        11,
        11
      ],
      "drawn": false,
      "_id": "dgohbxt40oijz5z7",
      "flags": {},
      "documentCollection": "pirateborg.feature-physical-trademark",
      "documentId": "lUW1TkwxQge1NrMu",
      "_key": "!tables.results!1QIUIZc6vcFJqsYz.dgohbxt40oijz5z7"
    },
    {
      "text": "Infested with bugs",
      "type": "pack",
      "img": "systems/pirateborg/icons/misc/ailment.png",
      "weight": 1,
      "range": [
        12,
        12
      ],
      "drawn": false,
      "_id": "g206tbmlmcquqack",
      "flags": {},
      "documentCollection": "pirateborg.feature-physical-trademark",
      "documentId": "cfaFGdAEZ3aD5ji5",
      "_key": "!tables.results!1QIUIZc6vcFJqsYz.g206tbmlmcquqack"
    },
    {
      "text": "Gnarly facial scar",
      "type": "pack",
      "img": "systems/pirateborg/icons/misc/ailment.png",
      "weight": 1,
      "range": [
        13,
        13
      ],
      "drawn": false,
      "_id": "03u15wm57j1hgd6y",
      "flags": {},
      "documentCollection": "pirateborg.feature-physical-trademark",
      "documentId": "k8YgOB348fEPCml5",
      "_key": "!tables.results!1QIUIZc6vcFJqsYz.03u15wm57j1hgd6y"
    },
    {
      "text": "Hideously ugly",
      "type": "pack",
      "img": "systems/pirateborg/icons/misc/ailment.png",
      "weight": 1,
      "range": [
        14,
        14
      ],
      "drawn": false,
      "_id": "069nurk8af78qj52",
      "flags": {},
      "documentCollection": "pirateborg.feature-physical-trademark",
      "documentId": "f5b37OnprCuMqa5C",
      "_key": "!tables.results!1QIUIZc6vcFJqsYz.069nurk8af78qj52"
    },
    {
      "text": "Corpulent",
      "type": "pack",
      "img": "systems/pirateborg/icons/misc/ailment.png",
      "weight": 1,
      "range": [
        15,
        15
      ],
      "drawn": false,
      "_id": "40e2zik7tz2ay3xg",
      "flags": {},
      "documentCollection": "pirateborg.feature-physical-trademark",
      "documentId": "B6sotdDjppok1cQp",
      "_key": "!tables.results!1QIUIZc6vcFJqsYz.40e2zik7tz2ay3xg"
    },
    {
      "text": "Increasingly gangrenous",
      "type": "pack",
      "img": "systems/pirateborg/icons/misc/ailment.png",
      "weight": 1,
      "range": [
        16,
        16
      ],
      "drawn": false,
      "_id": "e8c1xo6ousto37yy",
      "flags": {},
      "documentCollection": "pirateborg.feature-physical-trademark",
      "documentId": "X2BSc55fsFd8w8kg",
      "_key": "!tables.results!1QIUIZc6vcFJqsYz.e8c1xo6ousto37yy"
    },
    {
      "text": "Contagious",
      "type": "pack",
      "img": "systems/pirateborg/icons/misc/ailment.png",
      "weight": 1,
      "range": [
        18,
        18
      ],
      "drawn": false,
      "_id": "w8ainyyjvlaeyrny",
      "flags": {},
      "documentCollection": "pirateborg.feature-physical-trademark",
      "documentId": "7MSBS9ElYMiKtXcX",
      "_key": "!tables.results!1QIUIZc6vcFJqsYz.w8ainyyjvlaeyrny"
    },
    {
      "text": "Gaunt &amp; frail",
      "type": "pack",
      "img": "systems/pirateborg/icons/misc/ailment.png",
      "weight": 1,
      "range": [
        19,
        19
      ],
      "drawn": false,
      "_id": "clikonpecggahu3z",
      "flags": {},
      "documentCollection": "pirateborg.feature-physical-trademark",
      "documentId": "eB6kNaOS4qE8Kyvs",
      "_key": "!tables.results!1QIUIZc6vcFJqsYz.clikonpecggahu3z"
    },
    {
      "text": "Cursed",
      "type": "pack",
      "img": "systems/pirateborg/icons/misc/ailment.png",
      "weight": 1,
      "range": [
        1,
        1
      ],
      "drawn": false,
      "_id": "j966jtifwlzffzeb",
      "flags": {},
      "documentCollection": "pirateborg.feature-physical-trademark",
      "documentId": "Cm2jkb05Xy1IOUY4",
      "_key": "!tables.results!1QIUIZc6vcFJqsYz.j966jtifwlzffzeb"
    },
    {
      "text": "So good looking people are jealous",
      "type": "pack",
      "img": "systems/pirateborg/icons/misc/ailment.png",
      "weight": 1,
      "range": [
        20,
        20
      ],
      "drawn": false,
      "_id": "acxirptg7f4lb4ur",
      "flags": {},
      "documentCollection": "pirateborg.feature-physical-trademark",
      "documentId": "XSTOcYE2uLNejb6l",
      "_key": "!tables.results!1QIUIZc6vcFJqsYz.acxirptg7f4lb4ur"
    }
  ],
  "formula": "1d20",
  "replacement": true,
  "displayRoll": true,
  "folder": null,
  "sort": 0,
  "flags": {},
  "ownership": {
    "default": 0
  },
  "_stats": {
    "coreVersion": "12.331",
    "systemId": null,
    "systemVersion": null,
    "createdTime": null,
    "modifiedTime": null,
    "lastModifiedBy": null,
    "duplicateSource": null
  },
  "_key": "!tables!1QIUIZc6vcFJqsYz"
}
