{
  "_id": "A9ePz1tYpvnk6wDk",
  "name": "d20 Idiosyncrasies",
  "img": "icons/svg/d20-grey.svg",
  "description": "A random table created from the contents of the Idiosyncrasies Folder.",
  "results": [
    {
      "text": "Smokes constantly. Coughs even more.",
      "type": "pack",
      "img": "systems/pirateborg/icons/misc/idiosyncrasie.png",
      "weight": 1,
      "range": [
        1,
        1
      ],
      "drawn": false,
      "_id": "iuj4aoyadzdirtrl",
      "flags": {},
      "documentCollection": "pirateborg.feature-idiosyncrasies",
      "documentId": "bNPVcyOgwVOllKWl",
      "_key": "!tables.results!A9ePz1tYpvnk6wDk.iuj4aoyadzdirtrl"
    },
    {
      "text": "\"Functioning\" alcoholic. You're probably drunk right now.",
      "type": "pack",
      "img": "systems/pirateborg/icons/misc/idiosyncrasie.png",
      "weight": 1,
      "range": [
        2,
        2
      ],
      "drawn": false,
      "_id": "iuqug25yealqclxy",
      "flags": {},
      "documentCollection": "pirateborg.feature-idiosyncrasies",
      "documentId": "cpq7Qqbh207PDWbU",
      "_key": "!tables.results!A9ePz1tYpvnk6wDk.iuqug25yealqclxy"
    },
    {
      "text": "You bet on everything possible.",
      "type": "pack",
      "img": "systems/pirateborg/icons/misc/idiosyncrasie.png",
      "weight": 1,
      "range": [
        3,
        3
      ],
      "drawn": false,
      "_id": "0bbn01d63rl9usuk",
      "flags": {},
      "documentCollection": "pirateborg.feature-idiosyncrasies",
      "documentId": "uDiWSEr77uBQY8uT",
      "_key": "!tables.results!A9ePz1tYpvnk6wDk.0bbn01d63rl9usuk"
    },
    {
      "text": "Constantly counting. Teeth, cannon balls... everything.",
      "type": "pack",
      "img": "systems/pirateborg/icons/misc/idiosyncrasie.png",
      "weight": 1,
      "range": [
        4,
        4
      ],
      "drawn": false,
      "_id": "7pdoube7ib6bfvlv",
      "flags": {},
      "documentCollection": "pirateborg.feature-idiosyncrasies",
      "documentId": "XreLbxWXS15sZBuU",
      "_key": "!tables.results!A9ePz1tYpvnk6wDk.7pdoube7ib6bfvlv"
    },
    {
      "text": "Rats is your favorite meal.",
      "type": "pack",
      "img": "systems/pirateborg/icons/misc/idiosyncrasie.png",
      "weight": 1,
      "range": [
        5,
        5
      ],
      "drawn": false,
      "_id": "ppc74ndw0qrvgg6s",
      "flags": {},
      "documentCollection": "pirateborg.feature-idiosyncrasies",
      "documentId": "tf9kUjoaGg8UMDk9",
      "_key": "!tables.results!A9ePz1tYpvnk6wDk.ppc74ndw0qrvgg6s"
    },
    {
      "text": "You know every tall tale ever told. You make sure everyone else knows you know them.",
      "type": "pack",
      "img": "systems/pirateborg/icons/misc/idiosyncrasie.png",
      "weight": 1,
      "range": [
        6,
        6
      ],
      "drawn": false,
      "_id": "wx6jpsslojqcq4ov",
      "flags": {},
      "documentCollection": "pirateborg.feature-idiosyncrasies",
      "documentId": "PFB2jpkX1UUPbxTa",
      "_key": "!tables.results!A9ePz1tYpvnk6wDk.wx6jpsslojqcq4ov"
    },
    {
      "text": "Afraid of prime numbers larger than 3. d20 rolls of 5, 7, 11, 13, and 17 fill you with superstitious terror.",
      "type": "pack",
      "img": "systems/pirateborg/icons/misc/idiosyncrasie.png",
      "weight": 1,
      "range": [
        7,
        7
      ],
      "drawn": false,
      "_id": "md0q3e7vcqs2jnz3",
      "flags": {},
      "documentCollection": "pirateborg.feature-idiosyncrasies",
      "documentId": "XOkfDcCMtpig6BPa",
      "_key": "!tables.results!A9ePz1tYpvnk6wDk.md0q3e7vcqs2jnz3"
    },
    {
      "text": "You become a murderous grump when hungry",
      "type": "pack",
      "img": "systems/pirateborg/icons/misc/idiosyncrasie.png",
      "weight": 1,
      "range": [
        8,
        8
      ],
      "drawn": false,
      "_id": "fuxkdo02xb4e8xg4",
      "flags": {},
      "documentCollection": "pirateborg.feature-idiosyncrasies",
      "documentId": "XkxTR5ve2knOavS4",
      "_key": "!tables.results!A9ePz1tYpvnk6wDk.fuxkdo02xb4e8xg4"
    },
    {
      "text": "Habitual procrastinator... if you even finish the task.",
      "type": "pack",
      "img": "systems/pirateborg/icons/misc/idiosyncrasie.png",
      "weight": 1,
      "range": [
        9,
        9
      ],
      "drawn": false,
      "_id": "dgcvno3oa3nd8idq",
      "flags": {},
      "documentCollection": "pirateborg.feature-idiosyncrasies",
      "documentId": "HCFRgtwSxETe9goU",
      "_key": "!tables.results!A9ePz1tYpvnk6wDk.dgcvno3oa3nd8idq"
    },
    {
      "text": "Voluntary insomniac. Sleep is for the dead.",
      "type": "pack",
      "img": "systems/pirateborg/icons/misc/idiosyncrasie.png",
      "weight": 1,
      "range": [
        10,
        10
      ],
      "drawn": false,
      "_id": "89tphpvh7s7quach",
      "flags": {},
      "documentCollection": "pirateborg.feature-idiosyncrasies",
      "documentId": "zh3pl8KkSNwDcJpQ",
      "_key": "!tables.results!A9ePz1tYpvnk6wDk.89tphpvh7s7quach"
    },
    {
      "text": "You prefer to shoot first and never ask questions.",
      "type": "pack",
      "img": "systems/pirateborg/icons/misc/idiosyncrasie.png",
      "weight": 1,
      "range": [
        11,
        11
      ],
      "drawn": false,
      "_id": "aoj61lno4m5azuly",
      "flags": {},
      "documentCollection": "pirateborg.feature-idiosyncrasies",
      "documentId": "0Gwh00yXQDMwddHW",
      "_key": "!tables.results!A9ePz1tYpvnk6wDk.aoj61lno4m5azuly"
    },
    {
      "text": "Overly, annoyingly religious.",
      "type": "pack",
      "img": "systems/pirateborg/icons/misc/idiosyncrasie.png",
      "weight": 1,
      "range": [
        12,
        12
      ],
      "drawn": false,
      "_id": "4st3fh256763q8dw",
      "flags": {},
      "documentCollection": "pirateborg.feature-idiosyncrasies",
      "documentId": "Tic7pL1FTVJKDe4k",
      "_key": "!tables.results!A9ePz1tYpvnk6wDk.4st3fh256763q8dw"
    },
    {
      "text": "You collect something. You talk to your collection. They are your friends.",
      "type": "pack",
      "img": "systems/pirateborg/icons/misc/idiosyncrasie.png",
      "weight": 1,
      "range": [
        13,
        13
      ],
      "drawn": false,
      "_id": "2rn8ad842235xmho",
      "flags": {},
      "documentCollection": "pirateborg.feature-idiosyncrasies",
      "documentId": "Y3eDh47M4Xrurd6D",
      "_key": "!tables.results!A9ePz1tYpvnk6wDk.2rn8ad842235xmho"
    },
    {
      "text": "Always trying to trick your crew mates, just for fun.",
      "type": "pack",
      "img": "systems/pirateborg/icons/misc/idiosyncrasie.png",
      "weight": 1,
      "range": [
        14,
        14
      ],
      "drawn": false,
      "_id": "9245dxuo4btuf71m",
      "flags": {},
      "documentCollection": "pirateborg.feature-idiosyncrasies",
      "documentId": "aIWpCsqL3Nl9Hn8y",
      "_key": "!tables.results!A9ePz1tYpvnk6wDk.9245dxuo4btuf71m"
    },
    {
      "text": "Why pay for anything when you can steal it?",
      "type": "pack",
      "img": "systems/pirateborg/icons/misc/idiosyncrasie.png",
      "weight": 1,
      "range": [
        15,
        15
      ],
      "drawn": false,
      "_id": "3e6ypozieypzib9s",
      "flags": {},
      "documentCollection": "pirateborg.feature-idiosyncrasies",
      "documentId": "VUVU9bdZQRXWPGQd",
      "_key": "!tables.results!A9ePz1tYpvnk6wDk.3e6ypozieypzib9s"
    },
    {
      "text": "Talk to yourself when alone, but you often think you are alone when you aren't.",
      "type": "pack",
      "img": "systems/pirateborg/icons/misc/idiosyncrasie.png",
      "weight": 1,
      "range": [
        16,
        16
      ],
      "drawn": false,
      "_id": "36q1a74hrhqfe1qk",
      "flags": {},
      "documentCollection": "pirateborg.feature-idiosyncrasies",
      "documentId": "VfFb5I4WQlZ25wYb",
      "_key": "!tables.results!A9ePz1tYpvnk6wDk.36q1a74hrhqfe1qk"
    },
    {
      "text": "You secretly enjoy the taste of human flesh.",
      "type": "pack",
      "img": "systems/pirateborg/icons/misc/idiosyncrasie.png",
      "weight": 1,
      "range": [
        17,
        17
      ],
      "drawn": false,
      "_id": "odh288avd6suuhom",
      "flags": {},
      "documentCollection": "pirateborg.feature-idiosyncrasies",
      "documentId": "k5jKYyJRG9wXfGdL",
      "_key": "!tables.results!A9ePz1tYpvnk6wDk.odh288avd6suuhom"
    },
    {
      "text": "You always say you \"know the right way\", but are prone to getting lost.",
      "type": "pack",
      "img": "systems/pirateborg/icons/misc/idiosyncrasie.png",
      "weight": 1,
      "range": [
        18,
        18
      ],
      "drawn": false,
      "_id": "3zxbh647b3b86e13",
      "flags": {},
      "documentCollection": "pirateborg.feature-idiosyncrasies",
      "documentId": "n4sMcdcRMASIBg3i",
      "_key": "!tables.results!A9ePz1tYpvnk6wDk.3zxbh647b3b86e13"
    },
    {
      "text": "You blame others for every mistake.",
      "type": "pack",
      "img": "systems/pirateborg/icons/misc/idiosyncrasie.png",
      "weight": 1,
      "range": [
        19,
        19
      ],
      "drawn": false,
      "_id": "mly9vr1izj98yudn",
      "flags": {},
      "documentCollection": "pirateborg.feature-idiosyncrasies",
      "documentId": "Cc40IRkGVXTBfj6t",
      "_key": "!tables.results!A9ePz1tYpvnk6wDk.mly9vr1izj98yudn"
    },
    {
      "text": "Extremely obsessive with tasks and relationships.",
      "type": "pack",
      "img": "systems/pirateborg/icons/misc/idiosyncrasie.png",
      "weight": 1,
      "range": [
        20,
        20
      ],
      "drawn": false,
      "_id": "86w36hhen3h99u81",
      "flags": {},
      "documentCollection": "pirateborg.feature-idiosyncrasies",
      "documentId": "TjuzCzueBM7PqApu",
      "_key": "!tables.results!A9ePz1tYpvnk6wDk.86w36hhen3h99u81"
    }
  ],
  "formula": "1d20",
  "replacement": true,
  "displayRoll": true,
  "folder": null,
  "sort": 0,
  "flags": {},
  "ownership": {
    "default": 0
  },
  "_stats": {
    "coreVersion": "12.331",
    "systemId": null,
    "systemVersion": null,
    "createdTime": null,
    "modifiedTime": null,
    "lastModifiedBy": null,
    "duplicateSource": null
  },
  "_key": "!tables!A9ePz1tYpvnk6wDk"
}
