{
  "_id": "Xlk9LWFemTDgrege",
  "name": "d20 Distinctive Flaws",
  "img": "icons/svg/d20-grey.svg",
  "description": "Distinctive Flaws",
  "results": [
    {
      "text": "Drunken Lush",
      "type": "pack",
      "img": "systems/pirateborg/icons/misc/flaw.png",
      "weight": 1,
      "range": [
        1,
        1
      ],
      "drawn": false,
      "_id": "dbvwpdnua5png4yu",
      "flags": {},
      "documentCollection": "pirateborg.feature-distinctive-flaws",
      "documentId": "41rz8mPGGnBIiCeG",
      "_key": "!tables.results!Xlk9LWFemTDgrege.dbvwpdnua5png4yu"
    },
    {
      "text": "Mocking sardonic cheer",
      "type": "pack",
      "img": "systems/pirateborg/icons/misc/flaw.png",
      "weight": 1,
      "range": [
        3,
        3
      ],
      "drawn": false,
      "_id": "aj55bwszuc1rley1",
      "flags": {},
      "documentCollection": "pirateborg.feature-distinctive-flaws",
      "documentId": "t0biGtiKxUhP2xPw",
      "_key": "!tables.results!Xlk9LWFemTDgrege.aj55bwszuc1rley1"
    },
    {
      "text": "Stubborn",
      "type": "pack",
      "img": "systems/pirateborg/icons/misc/flaw.png",
      "weight": 1,
      "range": [
        2,
        2
      ],
      "drawn": false,
      "_id": "ofgbb0gf25eyvr9a",
      "flags": {},
      "documentCollection": "pirateborg.feature-distinctive-flaws",
      "documentId": "StepuGH4xDXsyBHD",
      "_key": "!tables.results!Xlk9LWFemTDgrege.ofgbb0gf25eyvr9a"
    },
    {
      "text": "Way too loud",
      "type": "pack",
      "img": "systems/pirateborg/icons/misc/flaw.png",
      "weight": 1,
      "range": [
        4,
        4
      ],
      "drawn": false,
      "_id": "cf1ervqpsiggkywn",
      "flags": {},
      "documentCollection": "pirateborg.feature-distinctive-flaws",
      "documentId": "kYbsLQef4U4CIXId",
      "_key": "!tables.results!Xlk9LWFemTDgrege.cf1ervqpsiggkywn"
    },
    {
      "text": "Stupid",
      "type": "pack",
      "img": "systems/pirateborg/icons/misc/flaw.png",
      "weight": 1,
      "range": [
        5,
        5
      ],
      "drawn": false,
      "_id": "km7lns19wpdmct9u",
      "flags": {},
      "documentCollection": "pirateborg.feature-distinctive-flaws",
      "documentId": "QHC3p65jdNdpYMhQ",
      "_key": "!tables.results!Xlk9LWFemTDgrege.km7lns19wpdmct9u"
    },
    {
      "text": "Coward",
      "type": "pack",
      "img": "systems/pirateborg/icons/misc/flaw.png",
      "weight": 1,
      "range": [
        6,
        6
      ],
      "drawn": false,
      "_id": "l9hk7q1vayuxs4a2",
      "flags": {},
      "documentCollection": "pirateborg.feature-distinctive-flaws",
      "documentId": "qAiPz6UV8pgzAUoO",
      "_key": "!tables.results!Xlk9LWFemTDgrege.l9hk7q1vayuxs4a2"
    },
    {
      "text": "Cocky",
      "type": "pack",
      "img": "systems/pirateborg/icons/misc/flaw.png",
      "weight": 1,
      "range": [
        7,
        7
      ],
      "drawn": false,
      "_id": "3wqpznct2lbup62h",
      "flags": {},
      "documentCollection": "pirateborg.feature-distinctive-flaws",
      "documentId": "xTcsHH9WEdJINFN3",
      "_key": "!tables.results!Xlk9LWFemTDgrege.3wqpznct2lbup62h"
    },
    {
      "text": "Slightly deranged",
      "type": "pack",
      "img": "systems/pirateborg/icons/misc/flaw.png",
      "weight": 1,
      "range": [
        8,
        8
      ],
      "drawn": false,
      "_id": "xrnsekhfwtsf801q",
      "flags": {},
      "documentCollection": "pirateborg.feature-distinctive-flaws",
      "documentId": "oExWqSF2aehNt82S",
      "_key": "!tables.results!Xlk9LWFemTDgrege.xrnsekhfwtsf801q"
    },
    {
      "text": "Aggressive",
      "type": "pack",
      "img": "systems/pirateborg/icons/misc/flaw.png",
      "weight": 1,
      "range": [
        9,
        9
      ],
      "drawn": false,
      "_id": "vh9lwosljoblw5kk",
      "flags": {},
      "documentCollection": "pirateborg.feature-distinctive-flaws",
      "documentId": "FYfBoLWYiPQmJ5K6",
      "_key": "!tables.results!Xlk9LWFemTDgrege.vh9lwosljoblw5kk"
    },
    {
      "text": "Anxious",
      "type": "pack",
      "img": "systems/pirateborg/icons/misc/flaw.png",
      "weight": 1,
      "range": [
        10,
        10
      ],
      "drawn": false,
      "_id": "bxxhgcga6irmgd69",
      "flags": {},
      "documentCollection": "pirateborg.feature-distinctive-flaws",
      "documentId": "iZRTQ20YPrCWpDLr",
      "_key": "!tables.results!Xlk9LWFemTDgrege.bxxhgcga6irmgd69"
    },
    {
      "text": "Cheater",
      "type": "pack",
      "img": "systems/pirateborg/icons/misc/flaw.png",
      "weight": 1,
      "range": [
        11,
        11
      ],
      "drawn": false,
      "_id": "87hzq8jg0pvc156q",
      "flags": {},
      "documentCollection": "pirateborg.feature-distinctive-flaws",
      "documentId": "9EwrnbEkQu032WmV",
      "_key": "!tables.results!Xlk9LWFemTDgrege.87hzq8jg0pvc156q"
    },
    {
      "text": "Selfish",
      "type": "pack",
      "img": "systems/pirateborg/icons/misc/flaw.png",
      "weight": 1,
      "range": [
        12,
        12
      ],
      "drawn": false,
      "_id": "vfeqcmwwj7p5r605",
      "flags": {},
      "documentCollection": "pirateborg.feature-distinctive-flaws",
      "documentId": "vELsDFWl4LVPct6P",
      "_key": "!tables.results!Xlk9LWFemTDgrege.vfeqcmwwj7p5r605"
    },
    {
      "text": "Lazy",
      "type": "pack",
      "img": "systems/pirateborg/icons/misc/flaw.png",
      "weight": 1,
      "range": [
        13,
        13
      ],
      "drawn": false,
      "_id": "9yp1urdsva8y0dct",
      "flags": {},
      "documentCollection": "pirateborg.feature-distinctive-flaws",
      "documentId": "42R00x8cbhASQkt1",
      "_key": "!tables.results!Xlk9LWFemTDgrege.9yp1urdsva8y0dct"
    },
    {
      "text": "Hedonistic",
      "type": "pack",
      "img": "systems/pirateborg/icons/misc/flaw.png",
      "weight": 1,
      "range": [
        14,
        14
      ],
      "drawn": false,
      "_id": "wk314qngendptryt",
      "flags": {},
      "documentCollection": "pirateborg.feature-distinctive-flaws",
      "documentId": "CtNDZb4FQv04hUeW",
      "_key": "!tables.results!Xlk9LWFemTDgrege.wk314qngendptryt"
    },
    {
      "text": "Impulsive",
      "type": "pack",
      "img": "systems/pirateborg/icons/misc/flaw.png",
      "weight": 1,
      "range": [
        15,
        15
      ],
      "drawn": false,
      "_id": "4h9t4drzuxevfcel",
      "flags": {},
      "documentCollection": "pirateborg.feature-distinctive-flaws",
      "documentId": "XEjFbh2lDNZAbBNq",
      "_key": "!tables.results!Xlk9LWFemTDgrege.4h9t4drzuxevfcel"
    },
    {
      "text": "Ostentatious",
      "type": "pack",
      "img": "systems/pirateborg/icons/misc/flaw.png",
      "weight": 1,
      "range": [
        16,
        16
      ],
      "drawn": false,
      "_id": "kh0mi04u0tdz72jp",
      "flags": {},
      "documentCollection": "pirateborg.feature-distinctive-flaws",
      "documentId": "eZHvVDlMlZD5k8DG",
      "_key": "!tables.results!Xlk9LWFemTDgrege.kh0mi04u0tdz72jp"
    },
    {
      "text": "Paranoid",
      "type": "pack",
      "img": "systems/pirateborg/icons/misc/flaw.png",
      "weight": 1,
      "range": [
        17,
        17
      ],
      "drawn": false,
      "_id": "pro9s39ybcirlc6h",
      "flags": {},
      "documentCollection": "pirateborg.feature-distinctive-flaws",
      "documentId": "LQlky04w8pLLUeII",
      "_key": "!tables.results!Xlk9LWFemTDgrege.pro9s39ybcirlc6h"
    },
    {
      "text": "Pretentious",
      "type": "pack",
      "img": "systems/pirateborg/icons/misc/flaw.png",
      "weight": 1,
      "range": [
        18,
        18
      ],
      "drawn": false,
      "_id": "g2f9as82spc4ms7w",
      "flags": {},
      "documentCollection": "pirateborg.feature-distinctive-flaws",
      "documentId": "Oy0GyRQgv3H9DD07",
      "_key": "!tables.results!Xlk9LWFemTDgrege.g2f9as82spc4ms7w"
    },
    {
      "text": "Sadistic",
      "type": "pack",
      "img": "systems/pirateborg/icons/misc/flaw.png",
      "weight": 1,
      "range": [
        19,
        19
      ],
      "drawn": false,
      "_id": "2195clrfhle836qg",
      "flags": {},
      "documentCollection": "pirateborg.feature-distinctive-flaws",
      "documentId": "OaSr5CYWdyo28vKE",
      "_key": "!tables.results!Xlk9LWFemTDgrege.2195clrfhle836qg"
    },
    {
      "text": "Disloyal",
      "type": "pack",
      "img": "systems/pirateborg/icons/misc/flaw.png",
      "weight": 1,
      "range": [
        20,
        20
      ],
      "drawn": false,
      "_id": "wp7x5f2bi8ldp1b0",
      "flags": {},
      "documentCollection": "pirateborg.feature-distinctive-flaws",
      "documentId": "oCZBJ3PU4dqS0hWe",
      "_key": "!tables.results!Xlk9LWFemTDgrege.wp7x5f2bi8ldp1b0"
    }
  ],
  "formula": "1d20",
  "replacement": true,
  "displayRoll": true,
  "folder": null,
  "sort": 0,
  "flags": {},
  "ownership": {
    "default": 0
  },
  "_stats": {
    "coreVersion": "12.331",
    "systemId": null,
    "systemVersion": null,
    "createdTime": null,
    "modifiedTime": null,
    "lastModifiedBy": null,
    "duplicateSource": null
  },
  "_key": "!tables!Xlk9LWFemTDgrege"
}
