{
  "_id": "tJprMqZp0ECQpCzW",
  "name": "d20 Unfortunate Incidents & Conditions",
  "img": "icons/svg/d20-grey.svg",
  "description": "Unfortunate Incidents &amp; Conditions",
  "results": [
    {
      "text": "Your loved ones were burned alive. Revenge is imminent.",
      "type": "pack",
      "img": "systems/pirateborg/icons/misc/incident.png",
      "weight": 1,
      "range": [
        1,
        1
      ],
      "drawn": false,
      "_id": "axlmkv7b9iwdktk0",
      "flags": {},
      "documentCollection": "pirateborg.feature-unfortunate-incidents-conditions",
      "documentId": "rhd9Rs1v2rD90O6X",
      "_key": "!tables.results!tJprMqZp0ECQpCzW.axlmkv7b9iwdktk0"
    },
    {
      "text": "You are a known pirate. You face the gallows if caught.",
      "type": "pack",
      "img": "systems/pirateborg/icons/misc/incident.png",
      "weight": 1,
      "range": [
        2,
        2
      ],
      "drawn": false,
      "_id": "s4smlzdyfx088udv",
      "flags": {},
      "documentCollection": "pirateborg.feature-unfortunate-incidents-conditions",
      "documentId": "Yu4Zs5KwQ3BeTgdH",
      "_key": "!tables.results!tJprMqZp0ECQpCzW.s4smlzdyfx088udv"
    },
    {
      "text": "You betrayed former crewmates. Now they hunt you",
      "type": "pack",
      "img": "systems/pirateborg/icons/misc/incident.png",
      "weight": 1,
      "range": [
        3,
        3
      ],
      "drawn": false,
      "_id": "kb0i0i1s3mvpttbw",
      "flags": {},
      "documentCollection": "pirateborg.feature-unfortunate-incidents-conditions",
      "documentId": "7aZ76s6mVAOaJX7i",
      "_key": "!tables.results!tJprMqZp0ECQpCzW.kb0i0i1s3mvpttbw"
    },
    {
      "text": "You were once marooned on an island for far too long. The voices must be real.",
      "type": "pack",
      "img": "systems/pirateborg/icons/misc/incident.png",
      "weight": 1,
      "range": [
        4,
        4
      ],
      "drawn": false,
      "_id": "ia6yhniw7f0hpbr4",
      "flags": {},
      "documentCollection": "pirateborg.feature-unfortunate-incidents-conditions",
      "documentId": "8TeDkySSKBo21WLL",
      "_key": "!tables.results!tJprMqZp0ECQpCzW.ia6yhniw7f0hpbr4"
    },
    {
      "text": "You stole a ship. The owner wants your money or your head, but will settle for both.",
      "type": "pack",
      "img": "systems/pirateborg/icons/misc/incident.png",
      "weight": 1,
      "range": [
        5,
        5
      ],
      "drawn": false,
      "_id": "b9udsp6tqxcckff4",
      "flags": {},
      "documentCollection": "pirateborg.feature-unfortunate-incidents-conditions",
      "documentId": "OaZqsLg3Vfz97SQq",
      "_key": "!tables.results!tJprMqZp0ECQpCzW.b9udsp6tqxcckff4"
    },
    {
      "text": "You escaped captivity, and will never go back.",
      "type": "pack",
      "img": "systems/pirateborg/icons/misc/incident.png",
      "weight": 1,
      "range": [
        6,
        6
      ],
      "drawn": false,
      "_id": "1z53snfeieqm3v9i",
      "flags": {},
      "documentCollection": "pirateborg.feature-unfortunate-incidents-conditions",
      "documentId": "qEK6CL1RJWfo2Key",
      "_key": "!tables.results!tJprMqZp0ECQpCzW.1z53snfeieqm3v9i"
    },
    {
      "text": "A close relative has become your greatest enemy.",
      "type": "pack",
      "img": "systems/pirateborg/icons/misc/incident.png",
      "weight": 1,
      "range": [
        7,
        7
      ],
      "drawn": false,
      "_id": "eubyuetdiskwnxwx",
      "flags": {},
      "documentCollection": "pirateborg.feature-unfortunate-incidents-conditions",
      "documentId": "MTW8SGXhzCsrnikH",
      "_key": "!tables.results!tJprMqZp0ECQpCzW.eubyuetdiskwnxwx"
    },
    {
      "text": "The last three ships you crewed all sank.",
      "type": "pack",
      "img": "systems/pirateborg/icons/misc/incident.png",
      "weight": 1,
      "range": [
        8,
        8
      ],
      "drawn": false,
      "_id": "pj58s5p5kx4ed8jj",
      "flags": {},
      "documentCollection": "pirateborg.feature-unfortunate-incidents-conditions",
      "documentId": "huKPXu4gV6NicO0Z",
      "_key": "!tables.results!tJprMqZp0ECQpCzW.pj58s5p5kx4ed8jj"
    },
    {
      "text": "Your last crew was killed by undead. They let you live on purpose.",
      "type": "pack",
      "img": "systems/pirateborg/icons/misc/incident.png",
      "weight": 1,
      "range": [
        9,
        9
      ],
      "drawn": false,
      "_id": "sgct7ebvd49axfaj",
      "flags": {},
      "documentCollection": "pirateborg.feature-unfortunate-incidents-conditions",
      "documentId": "r09jstSYhJ9ZAjvQ",
      "_key": "!tables.results!tJprMqZp0ECQpCzW.sgct7ebvd49axfaj"
    },
    {
      "text": "Political leaders hold your loved one(s) captive.",
      "type": "pack",
      "img": "systems/pirateborg/icons/misc/incident.png",
      "weight": 1,
      "range": [
        10,
        10
      ],
      "drawn": false,
      "_id": "8eq8nbkc6ndzr15z",
      "flags": {},
      "documentCollection": "pirateborg.feature-unfortunate-incidents-conditions",
      "documentId": "rzRpKtApguVcHvBv",
      "_key": "!tables.results!tJprMqZp0ECQpCzW.8eq8nbkc6ndzr15z"
    },
    {
      "text": "An undead spirit you don't like possesses you regularly.",
      "type": "pack",
      "img": "systems/pirateborg/icons/misc/incident.png",
      "weight": 1,
      "range": [
        11,
        11
      ],
      "drawn": false,
      "_id": "x9ntadfpl78d5tpn",
      "flags": {},
      "documentCollection": "pirateborg.feature-unfortunate-incidents-conditions",
      "documentId": "YTTzEBIsXVbJckEv",
      "_key": "!tables.results!tJprMqZp0ECQpCzW.x9ntadfpl78d5tpn"
    },
    {
      "text": "You wronged an infamous pirate lord.",
      "type": "pack",
      "img": "systems/pirateborg/icons/misc/incident.png",
      "weight": 1,
      "range": [
        12,
        12
      ],
      "drawn": false,
      "_id": "tw11qp60oii6b73m",
      "flags": {},
      "documentCollection": "pirateborg.feature-unfortunate-incidents-conditions",
      "documentId": "vhQTzhjOBKUVGT4q",
      "_key": "!tables.results!tJprMqZp0ECQpCzW.tw11qp60oii6b73m"
    },
    {
      "text": "You narrowly escaped a cannibalistic ending, but you didn't escape that smell.",
      "type": "pack",
      "img": "systems/pirateborg/icons/misc/incident.png",
      "weight": 1,
      "range": [
        13,
        13
      ],
      "drawn": false,
      "_id": "75tumu9gh93p8kwu",
      "flags": {},
      "documentCollection": "pirateborg.feature-unfortunate-incidents-conditions",
      "documentId": "2Jh0Cgr23wpPBRlv",
      "_key": "!tables.results!tJprMqZp0ECQpCzW.75tumu9gh93p8kwu"
    },
    {
      "text": "You slaughtered them. Like animals.",
      "type": "pack",
      "img": "systems/pirateborg/icons/misc/incident.png",
      "weight": 1,
      "range": [
        14,
        14
      ],
      "drawn": false,
      "_id": "mdqje58vwvrsm924",
      "flags": {},
      "documentCollection": "pirateborg.feature-unfortunate-incidents-conditions",
      "documentId": "cU8xBx8PHA92JELB",
      "_key": "!tables.results!tJprMqZp0ECQpCzW.mdqje58vwvrsm924"
    },
    {
      "text": "You are the mysterious lone survivor of a treasure expedition gone awry.",
      "type": "pack",
      "img": "systems/pirateborg/icons/misc/incident.png",
      "weight": 1,
      "range": [
        15,
        15
      ],
      "drawn": false,
      "_id": "rik4g28to7c4w9ra",
      "flags": {},
      "documentCollection": "pirateborg.feature-unfortunate-incidents-conditions",
      "documentId": "q96IacEntIbhJYCZ",
      "_key": "!tables.results!tJprMqZp0ECQpCzW.rik4g28to7c4w9ra"
    },
    {
      "text": "Failed mutineer or Successful mutineer.",
      "type": "pack",
      "img": "systems/pirateborg/icons/misc/incident.png",
      "weight": 1,
      "range": [
        16,
        16
      ],
      "drawn": false,
      "_id": "9kfn75ylmg7a129s",
      "flags": {},
      "documentCollection": "pirateborg.feature-unfortunate-incidents-conditions",
      "documentId": "cxWwsiEZfe4aHXDy",
      "_key": "!tables.results!tJprMqZp0ECQpCzW.9kfn75ylmg7a129s"
    },
    {
      "text": "A silent ghost haunts you. It is always there, but only you can see it.",
      "type": "pack",
      "img": "systems/pirateborg/icons/misc/incident.png",
      "weight": 1,
      "range": [
        17,
        17
      ],
      "drawn": false,
      "_id": "zoawp8xi2uag3xog",
      "flags": {},
      "documentCollection": "pirateborg.feature-unfortunate-incidents-conditions",
      "documentId": "dcmOcImwaH9iXmXz",
      "_key": "!tables.results!tJprMqZp0ECQpCzW.zoawp8xi2uag3xog"
    },
    {
      "text": "You deserted the military, but you're not sure who knows so.",
      "type": "pack",
      "img": "systems/pirateborg/icons/misc/incident.png",
      "weight": 1,
      "range": [
        18,
        18
      ],
      "drawn": false,
      "_id": "avk1wguu5jlqxmz8",
      "flags": {},
      "documentCollection": "pirateborg.feature-unfortunate-incidents-conditions",
      "documentId": "nicPuvbfeHvsumpK",
      "_key": "!tables.results!tJprMqZp0ECQpCzW.avk1wguu5jlqxmz8"
    },
    {
      "text": "You have no memory before a few days ago.",
      "type": "pack",
      "img": "systems/pirateborg/icons/misc/incident.png",
      "weight": 1,
      "range": [
        19,
        19
      ],
      "drawn": false,
      "_id": "an8bvuxo7zfphuv9",
      "flags": {},
      "documentCollection": "pirateborg.feature-unfortunate-incidents-conditions",
      "documentId": "jnLrDXhBoDntcUx6",
      "_key": "!tables.results!tJprMqZp0ECQpCzW.an8bvuxo7zfphuv9"
    },
    {
      "text": "You died once already, but Hell didn't want you.",
      "type": "pack",
      "img": "systems/pirateborg/icons/misc/incident.png",
      "weight": 1,
      "range": [
        20,
        20
      ],
      "drawn": false,
      "_id": "uh81o7r6vxpu1g7j",
      "flags": {},
      "documentCollection": "pirateborg.feature-unfortunate-incidents-conditions",
      "documentId": "ZM5pFGpBQKJE9YeI",
      "_key": "!tables.results!tJprMqZp0ECQpCzW.uh81o7r6vxpu1g7j"
    }
  ],
  "formula": "1d20",
  "replacement": true,
  "displayRoll": true,
  "folder": null,
  "sort": 0,
  "flags": {},
  "ownership": {
    "default": 0
  },
  "_stats": {
    "coreVersion": "12.331",
    "systemId": null,
    "systemVersion": null,
    "createdTime": null,
    "modifiedTime": null,
    "lastModifiedBy": null,
    "duplicateSource": null
  },
  "_key": "!tables!tJprMqZp0ECQpCzW"
}
