{
  "_id": "mZj16sIacrg2Ykgz",
  "name": "d6 Grenades & Bombs",
  "img": "icons/svg/d20-grey.svg",
  "description": "",
  "results": [
    {
      "_id": "UGatbdLsHuDkZCyT",
      "type": "pack",
      "text": "Smoke Bomb",
      "weight": 1,
      "range": [
        1,
        1
      ],
      "drawn": false,
      "flags": {},
      "img": "systems/pirateborg/icons/equipment/bombs/smoke-bomb.png",
      "documentCollection": "pirateborg.equipment-bombs",
      "documentId": "wNu5gYrET4yZKkY0",
      "_key": "!tables.results!mZj16sIacrg2Ykgz.UGatbdLsHuDkZCyT"
    },
    {
      "_id": "i9QNYu6MQaUH048J",
      "type": "pack",
      "text": "Improvised grenade",
      "weight": 1,
      "range": [
        2,
        2
      ],
      "drawn": false,
      "flags": {},
      "img": "systems/pirateborg/icons/equipment/bombs/improvised-grenade.png",
      "documentCollection": "pirateborg.equipment-bombs",
      "documentId": "TuWjs3hHzwnJ5Eal",
      "_key": "!tables.results!mZj16sIacrg2Ykgz.i9QNYu6MQaUH048J"
    },
    {
      "_id": "CLVUxHppZg7ILj51",
      "type": "pack",
      "text": "Clay grenade",
      "weight": 1,
      "range": [
        3,
        3
      ],
      "drawn": false,
      "flags": {},
      "img": "systems/pirateborg/icons/equipment/bombs/clay-grenade.png",
      "documentCollection": "pirateborg.equipment-bombs",
      "documentId": "n6X4nrln5NpxBmUu",
      "_key": "!tables.results!mZj16sIacrg2Ykgz.CLVUxHppZg7ILj51"
    },
    {
      "_id": "CxyqlmNgzYP15urD",
      "type": "pack",
      "text": "Iron grenade",
      "weight": 1,
      "range": [
        4,
        4
      ],
      "drawn": false,
      "flags": {},
      "img": "systems/pirateborg/icons/equipment/bombs/iron-grenade.png",
      "documentCollection": "pirateborg.equipment-bombs",
      "documentId": "tv4wG0SRp032hTmD",
      "_key": "!tables.results!mZj16sIacrg2Ykgz.CxyqlmNgzYP15urD"
    },
    {
      "_id": "0OC86SJMKuA2l8T9",
      "type": "pack",
      "text": "Fire pot",
      "weight": 1,
      "range": [
        5,
        5
      ],
      "drawn": false,
      "flags": {},
      "img": "systems/pirateborg/icons/equipment/bombs/fire-pot.png",
      "documentCollection": "pirateborg.equipment-bombs",
      "documentId": "jH3xlUj9yxvB064H",
      "_key": "!tables.results!mZj16sIacrg2Ykgz.0OC86SJMKuA2l8T9"
    },
    {
      "_id": "vTE6e9cdWo79siLu",
      "type": "pack",
      "text": "Stink ball",
      "weight": 1,
      "range": [
        6,
        6
      ],
      "drawn": false,
      "flags": {},
      "img": "systems/pirateborg/icons/equipment/bombs/fire-pot.png",
      "documentCollection": "pirateborg.equipment-bombs",
      "documentId": "xVQhtjSyoPMQSW8Y",
      "_key": "!tables.results!mZj16sIacrg2Ykgz.vTE6e9cdWo79siLu"
    }
  ],
  "formula": "d6",
  "replacement": true,
  "displayRoll": true,
  "folder": null,
  "sort": 0,
  "flags": {},
  "ownership": {
    "default": 0
  },
  "_stats": {
    "coreVersion": "12.331",
    "systemId": null,
    "systemVersion": null,
    "createdTime": null,
    "modifiedTime": null,
    "lastModifiedBy": null,
    "duplicateSource": null
  },
  "_key": "!tables!mZj16sIacrg2Ykgz"
}
