{
  "name": "Knife or Bayonet",
  "img": "icons/svg/d20-grey.svg",
  "results": [
    {
      "_id": "khwQ6yfTFSE1Y0h4",
      "type": "pack",
      "text": "Knife",
      "weight": 1,
      "range": [
        1,
        1
      ],
      "drawn": false,
      "flags": {},
      "img": "systems/pirateborg/icons/equipment/melee-weapons/knife.png",
      "documentCollection": "pirateborg.equipment-melee-weapons",
      "documentId": "L83UgOYwaqNzXjuY",
      "_key": "!tables.results!ZyerDHAWhG1buYEK.khwQ6yfTFSE1Y0h4"
    },
    {
      "_id": "zK7CbqC8l0K1yfg0",
      "type": "pack",
      "text": "Bayonet",
      "weight": 1,
      "range": [
        2,
        2
      ],
      "drawn": false,
      "flags": {},
      "img": "systems/pirateborg/icons/equipment/melee-weapons/bayonet.png",
      "documentCollection": "pirateborg.equipment-melee-weapons",
      "documentId": "9vdgFiyt2e0rdWcs",
      "_key": "!tables.results!ZyerDHAWhG1buYEK.zK7CbqC8l0K1yfg0"
    }
  ],
  "formula": "d2",
  "replacement": true,
  "displayRoll": true,
  "folder": null,
  "sort": 0,
  "flags": {},
  "_id": "ZyerDHAWhG1buYEK",
  "ownership": {
    "default": 0
  },
  "_stats": {
    "coreVersion": "12.331",
    "systemId": null,
    "systemVersion": null,
    "createdTime": null,
    "modifiedTime": null,
    "lastModifiedBy": null,
    "duplicateSource": null
  },
  "description": "",
  "_key": "!tables!ZyerDHAWhG1buYEK"
}
