{
  "name": "Marlinspike or Belaying Pin",
  "img": "icons/svg/d20-grey.svg",
  "results": [
    {
      "_id": "QiJ5Rq0q8LYQwYBX",
      "type": "pack",
      "text": "Marlinspike",
      "weight": 1,
      "range": [
        1,
        1
      ],
      "drawn": false,
      "flags": {},
      "img": "systems/pirateborg/icons/equipment/melee-weapons/marlinspike.png",
      "documentCollection": "pirateborg.equipment-melee-weapons",
      "documentId": "J029TNz2D4MiynPI",
      "_key": "!tables.results!PVGvOalsFs8BNfkw.QiJ5Rq0q8LYQwYBX"
    },
    {
      "_id": "88mvx016knSeW4xu",
      "type": "pack",
      "text": "Belaying pin",
      "weight": 1,
      "range": [
        2,
        2
      ],
      "drawn": false,
      "flags": {},
      "img": "systems/pirateborg/icons/equipment/melee-weapons/belaying-pin.png",
      "documentCollection": "pirateborg.equipment-melee-weapons",
      "documentId": "rVwLJcUlrrLPBk3v",
      "_key": "!tables.results!PVGvOalsFs8BNfkw.88mvx016knSeW4xu"
    }
  ],
  "formula": "d2",
  "replacement": true,
  "displayRoll": true,
  "folder": null,
  "sort": 0,
  "flags": {},
  "_id": "PVGvOalsFs8BNfkw",
  "ownership": {
    "default": 0
  },
  "_stats": {
    "coreVersion": "12.331",
    "systemId": null,
    "systemVersion": null,
    "createdTime": null,
    "modifiedTime": null,
    "lastModifiedBy": null,
    "duplicateSource": null
  },
  "description": "",
  "_key": "!tables!PVGvOalsFs8BNfkw"
}
