{
  "name": "Nicknames",
  "img": "icons/svg/d20-grey.svg",
  "results": [
    {
      "_id": "WokaP9YBSpWQJV7a",
      "type": "text",
      "text": "Aberration",
      "img": "icons/svg/d20.svg",
      "range": [
        1,
        1
      ],
      "drawn": false,
      "flags": {},
      "documentId": null,
      "weight": 1,
      "_key": "!tables.results!fbxRkGRpO71RwmnO.WokaP9YBSpWQJV7a"
    },
    {
      "_id": "U6HBYtmHV5x1kLTv",
      "type": "text",
      "text": "Angel Slayer",
      "img": "icons/svg/d20.svg",
      "range": [
        2,
        2
      ],
      "drawn": false,
      "flags": {},
      "documentId": null,
      "weight": 1,
      "_key": "!tables.results!fbxRkGRpO71RwmnO.U6HBYtmHV5x1kLTv"
    },
    {
      "_id": "G3daTsFGKQjt2NBV",
      "type": "text",
      "text": "Apex",
      "img": "icons/svg/d20.svg",
      "range": [
        3,
        3
      ],
      "drawn": false,
      "flags": {},
      "documentId": null,
      "weight": 1,
      "_key": "!tables.results!fbxRkGRpO71RwmnO.G3daTsFGKQjt2NBV"
    },
    {
      "_id": "9a0YVAPQvhZXhUGR",
      "type": "text",
      "text": "Badness",
      "img": "icons/svg/d20.svg",
      "range": [
        4,
        4
      ],
      "drawn": false,
      "flags": {},
      "documentId": null,
      "weight": 1,
      "_key": "!tables.results!fbxRkGRpO71RwmnO.9a0YVAPQvhZXhUGR"
    },
    {
      "_id": "b4i0RZHAOh1ZgZfy",
      "type": "text",
      "text": "Bailey",
      "img": "icons/svg/d20.svg",
      "range": [
        5,
        5
      ],
      "drawn": false,
      "flags": {},
      "documentId": null,
      "weight": 1,
      "_key": "!tables.results!fbxRkGRpO71RwmnO.b4i0RZHAOh1ZgZfy"
    },
    {
      "_id": "kFueqfbZAfjguGE1",
      "type": "text",
      "text": "Barnacle",
      "img": "icons/svg/d20.svg",
      "range": [
        6,
        6
      ],
      "drawn": false,
      "flags": {},
      "documentId": null,
      "weight": 1,
      "_key": "!tables.results!fbxRkGRpO71RwmnO.kFueqfbZAfjguGE1"
    },
    {
      "_id": "1YS4wRd905GCIBrl",
      "type": "text",
      "text": "Bart",
      "img": "icons/svg/d20.svg",
      "range": [
        7,
        7
      ],
      "drawn": false,
      "flags": {},
      "documentId": null,
      "weight": 1,
      "_key": "!tables.results!fbxRkGRpO71RwmnO.1YS4wRd905GCIBrl"
    },
    {
      "_id": "EAytcH2UvgHPZmwQ",
      "type": "text",
      "text": "Beard",
      "img": "icons/svg/d20.svg",
      "range": [
        8,
        8
      ],
      "drawn": false,
      "flags": {},
      "documentId": null,
      "weight": 1,
      "_key": "!tables.results!fbxRkGRpO71RwmnO.EAytcH2UvgHPZmwQ"
    },
    {
      "_id": "oYUOcrFnVuqUyazk",
      "type": "text",
      "text": "Bedlam",
      "img": "icons/svg/d20.svg",
      "range": [
        9,
        9
      ],
      "drawn": false,
      "flags": {},
      "documentId": null,
      "weight": 1,
      "_key": "!tables.results!fbxRkGRpO71RwmnO.oYUOcrFnVuqUyazk"
    },
    {
      "_id": "kYlGtUXId9LjhPfe",
      "type": "text",
      "text": "Bipolar",
      "img": "icons/svg/d20.svg",
      "range": [
        10,
        10
      ],
      "drawn": false,
      "flags": {},
      "documentId": null,
      "weight": 1,
      "_key": "!tables.results!fbxRkGRpO71RwmnO.kYlGtUXId9LjhPfe"
    },
    {
      "_id": "g7ggzzD2O4c7QFJR",
      "type": "text",
      "text": "Black",
      "img": "icons/svg/d20.svg",
      "range": [
        11,
        11
      ],
      "drawn": false,
      "flags": {},
      "documentId": null,
      "weight": 1,
      "_key": "!tables.results!fbxRkGRpO71RwmnO.g7ggzzD2O4c7QFJR"
    },
    {
      "_id": "cluyQITK1VHL0vlL",
      "type": "text",
      "text": "Black Cat",
      "img": "icons/svg/d20.svg",
      "range": [
        12,
        12
      ],
      "drawn": false,
      "flags": {},
      "documentId": null,
      "weight": 1,
      "_key": "!tables.results!fbxRkGRpO71RwmnO.cluyQITK1VHL0vlL"
    },
    {
      "_id": "gJm1i7hukf1xIfFT",
      "type": "text",
      "text": "Blackout",
      "img": "icons/svg/d20.svg",
      "range": [
        13,
        13
      ],
      "drawn": false,
      "flags": {},
      "documentId": null,
      "weight": 1,
      "_key": "!tables.results!fbxRkGRpO71RwmnO.gJm1i7hukf1xIfFT"
    },
    {
      "_id": "4MAGMSquft5FOpBX",
      "type": "text",
      "text": "Blink",
      "img": "icons/svg/d20.svg",
      "range": [
        14,
        14
      ],
      "drawn": false,
      "flags": {},
      "documentId": null,
      "weight": 1,
      "_key": "!tables.results!fbxRkGRpO71RwmnO.4MAGMSquft5FOpBX"
    },
    {
      "_id": "1Yt1ukylk58EBzH3",
      "type": "text",
      "text": "Bloodline",
      "img": "icons/svg/d20.svg",
      "range": [
        15,
        15
      ],
      "drawn": false,
      "flags": {},
      "documentId": null,
      "weight": 1,
      "_key": "!tables.results!fbxRkGRpO71RwmnO.1Yt1ukylk58EBzH3"
    },
    {
      "_id": "AhZeojPenI5RGdhc",
      "type": "text",
      "text": "Blue",
      "img": "icons/svg/d20.svg",
      "range": [
        16,
        16
      ],
      "drawn": false,
      "flags": {},
      "documentId": null,
      "weight": 1,
      "_key": "!tables.results!fbxRkGRpO71RwmnO.AhZeojPenI5RGdhc"
    },
    {
      "_id": "WpTZdDUd1jbcPJvm",
      "type": "text",
      "text": "Blur",
      "img": "icons/svg/d20.svg",
      "range": [
        17,
        17
      ],
      "drawn": false,
      "flags": {},
      "documentId": null,
      "weight": 1,
      "_key": "!tables.results!fbxRkGRpO71RwmnO.WpTZdDUd1jbcPJvm"
    },
    {
      "_id": "YjIO9yuhlW3JJ1iN",
      "type": "text",
      "text": "Brother",
      "img": "icons/svg/d20.svg",
      "range": [
        18,
        18
      ],
      "drawn": false,
      "flags": {},
      "documentId": null,
      "weight": 1,
      "_key": "!tables.results!fbxRkGRpO71RwmnO.YjIO9yuhlW3JJ1iN"
    },
    {
      "_id": "D4Qk9ykj21wxtwIB",
      "type": "text",
      "text": "Bucko",
      "img": "icons/svg/d20.svg",
      "range": [
        19,
        19
      ],
      "drawn": false,
      "flags": {},
      "documentId": null,
      "weight": 1,
      "_key": "!tables.results!fbxRkGRpO71RwmnO.D4Qk9ykj21wxtwIB"
    },
    {
      "_id": "63DduhhLrppcRwHP",
      "type": "text",
      "text": "Bucky",
      "img": "icons/svg/d20.svg",
      "range": [
        20,
        20
      ],
      "drawn": false,
      "flags": {},
      "documentId": null,
      "weight": 1,
      "_key": "!tables.results!fbxRkGRpO71RwmnO.63DduhhLrppcRwHP"
    },
    {
      "_id": "5lUVvd2eyCtp7FKQ",
      "type": "text",
      "text": "Burn",
      "img": "icons/svg/d20.svg",
      "range": [
        21,
        21
      ],
      "drawn": false,
      "flags": {},
      "documentId": null,
      "weight": 1,
      "_key": "!tables.results!fbxRkGRpO71RwmnO.5lUVvd2eyCtp7FKQ"
    },
    {
      "_id": "cROmanhEgw26x9sj",
      "type": "text",
      "text": "Burnout",
      "img": "icons/svg/d20.svg",
      "range": [
        22,
        22
      ],
      "drawn": false,
      "flags": {},
      "documentId": null,
      "weight": 1,
      "_key": "!tables.results!fbxRkGRpO71RwmnO.cROmanhEgw26x9sj"
    },
    {
      "_id": "AlBI4AlXUKJQ5UzF",
      "type": "text",
      "text": "Buttons",
      "img": "icons/svg/d20.svg",
      "range": [
        23,
        23
      ],
      "drawn": false,
      "flags": {},
      "documentId": null,
      "weight": 1,
      "_key": "!tables.results!fbxRkGRpO71RwmnO.AlBI4AlXUKJQ5UzF"
    },
    {
      "_id": "K0966pvcejBW1Gn4",
      "type": "text",
      "text": "Byrd",
      "img": "icons/svg/d20.svg",
      "range": [
        24,
        24
      ],
      "drawn": false,
      "flags": {},
      "documentId": null,
      "weight": 1,
      "_key": "!tables.results!fbxRkGRpO71RwmnO.K0966pvcejBW1Gn4"
    },
    {
      "_id": "bq2Qh3rp3HRtKHAP",
      "type": "text",
      "text": "Cannonball",
      "img": "icons/svg/d20.svg",
      "range": [
        25,
        25
      ],
      "drawn": false,
      "flags": {},
      "documentId": null,
      "weight": 1,
      "_key": "!tables.results!fbxRkGRpO71RwmnO.bq2Qh3rp3HRtKHAP"
    },
    {
      "_id": "28BKhYIbDF48Lu12",
      "type": "text",
      "text": "Capin'",
      "img": "icons/svg/d20.svg",
      "range": [
        26,
        26
      ],
      "drawn": false,
      "flags": {},
      "documentId": null,
      "weight": 1,
      "_key": "!tables.results!fbxRkGRpO71RwmnO.28BKhYIbDF48Lu12"
    },
    {
      "_id": "4qnvo5Z5WyY0wwN8",
      "type": "text",
      "text": "Cascade",
      "img": "icons/svg/d20.svg",
      "range": [
        27,
        27
      ],
      "drawn": false,
      "flags": {},
      "documentId": null,
      "weight": 1,
      "_key": "!tables.results!fbxRkGRpO71RwmnO.4qnvo5Z5WyY0wwN8"
    },
    {
      "_id": "Aok5QFcsZcoJLKIE",
      "type": "text",
      "text": "Cat's Meow",
      "img": "icons/svg/d20.svg",
      "range": [
        28,
        28
      ],
      "drawn": false,
      "flags": {},
      "documentId": null,
      "weight": 1,
      "_key": "!tables.results!fbxRkGRpO71RwmnO.Aok5QFcsZcoJLKIE"
    },
    {
      "_id": "Q3i0UraFQY5j1g7g",
      "type": "text",
      "text": "Chaos",
      "img": "icons/svg/d20.svg",
      "range": [
        29,
        29
      ],
      "drawn": false,
      "flags": {},
      "documentId": null,
      "weight": 1,
      "_key": "!tables.results!fbxRkGRpO71RwmnO.Q3i0UraFQY5j1g7g"
    },
    {
      "_id": "ReoW6G4ZF4zLYSRc",
      "type": "text",
      "text": "Checkmate",
      "img": "icons/svg/d20.svg",
      "range": [
        30,
        30
      ],
      "drawn": false,
      "flags": {},
      "documentId": null,
      "weight": 1,
      "_key": "!tables.results!fbxRkGRpO71RwmnO.ReoW6G4ZF4zLYSRc"
    },
    {
      "_id": "qehCvvBeA6YvX0ed",
      "type": "text",
      "text": "Chumbucket",
      "img": "icons/svg/d20.svg",
      "range": [
        31,
        31
      ],
      "drawn": false,
      "flags": {},
      "documentId": null,
      "weight": 1,
      "_key": "!tables.results!fbxRkGRpO71RwmnO.qehCvvBeA6YvX0ed"
    },
    {
      "_id": "mLHIkhpkMWATktCS",
      "type": "text",
      "text": "Cold Cut",
      "img": "icons/svg/d20.svg",
      "range": [
        32,
        32
      ],
      "drawn": false,
      "flags": {},
      "documentId": null,
      "weight": 1,
      "_key": "!tables.results!fbxRkGRpO71RwmnO.mLHIkhpkMWATktCS"
    },
    {
      "_id": "PMnbb2NMdnTeGFfq",
      "type": "text",
      "text": "Crabs",
      "img": "icons/svg/d20.svg",
      "range": [
        33,
        33
      ],
      "drawn": false,
      "flags": {},
      "documentId": null,
      "weight": 1,
      "_key": "!tables.results!fbxRkGRpO71RwmnO.PMnbb2NMdnTeGFfq"
    },
    {
      "_id": "joOeq3kXYYip8QZO",
      "type": "text",
      "text": "Crimson",
      "img": "icons/svg/d20.svg",
      "range": [
        34,
        34
      ],
      "drawn": false,
      "flags": {},
      "documentId": null,
      "weight": 1,
      "_key": "!tables.results!fbxRkGRpO71RwmnO.joOeq3kXYYip8QZO"
    },
    {
      "_id": "snRBxGf0QAtVituM",
      "type": "text",
      "text": "Crossfire",
      "img": "icons/svg/d20.svg",
      "range": [
        35,
        35
      ],
      "drawn": false,
      "flags": {},
      "documentId": null,
      "weight": 1,
      "_key": "!tables.results!fbxRkGRpO71RwmnO.snRBxGf0QAtVituM"
    },
    {
      "_id": "31ZouItc7DfoTwTn",
      "type": "text",
      "text": "Cut Throat",
      "img": "icons/svg/d20.svg",
      "range": [
        36,
        36
      ],
      "drawn": false,
      "flags": {},
      "documentId": null,
      "weight": 1,
      "_key": "!tables.results!fbxRkGRpO71RwmnO.31ZouItc7DfoTwTn"
    },
    {
      "_id": "cg0h6gPzwz7cUyso",
      "type": "text",
      "text": "Cyclone",
      "img": "icons/svg/d20.svg",
      "range": [
        37,
        37
      ],
      "drawn": false,
      "flags": {},
      "documentId": null,
      "weight": 1,
      "_key": "!tables.results!fbxRkGRpO71RwmnO.cg0h6gPzwz7cUyso"
    },
    {
      "_id": "aH1EgPuAuqkT7YUi",
      "type": "text",
      "text": "Dead Eyes",
      "img": "icons/svg/d20.svg",
      "range": [
        38,
        38
      ],
      "drawn": false,
      "flags": {},
      "documentId": null,
      "weight": 1,
      "_key": "!tables.results!fbxRkGRpO71RwmnO.aH1EgPuAuqkT7YUi"
    },
    {
      "_id": "87nNWsuxeYcqdaQu",
      "type": "text",
      "text": "Dead Man",
      "img": "icons/svg/d20.svg",
      "range": [
        39,
        39
      ],
      "drawn": false,
      "flags": {},
      "documentId": null,
      "weight": 1,
      "_key": "!tables.results!fbxRkGRpO71RwmnO.87nNWsuxeYcqdaQu"
    },
    {
      "_id": "dcYsEDt23NnSC8K0",
      "type": "text",
      "text": "Death Angel",
      "img": "icons/svg/d20.svg",
      "range": [
        40,
        40
      ],
      "drawn": false,
      "flags": {},
      "documentId": null,
      "weight": 1,
      "_key": "!tables.results!fbxRkGRpO71RwmnO.dcYsEDt23NnSC8K0"
    },
    {
      "_id": "wjU1sIUhWDPuLf80",
      "type": "text",
      "text": "Denizen",
      "img": "icons/svg/d20.svg",
      "range": [
        41,
        41
      ],
      "drawn": false,
      "flags": {},
      "documentId": null,
      "weight": 1,
      "_key": "!tables.results!fbxRkGRpO71RwmnO.wjU1sIUhWDPuLf80"
    },
    {
      "_id": "tdNOcucdTcWgMFuD",
      "type": "text",
      "text": "Deuces Wild",
      "img": "icons/svg/d20.svg",
      "range": [
        42,
        42
      ],
      "drawn": false,
      "flags": {},
      "documentId": null,
      "weight": 1,
      "_key": "!tables.results!fbxRkGRpO71RwmnO.tdNOcucdTcWgMFuD"
    },
    {
      "_id": "Bd9sZ5OoiesE9ajO",
      "type": "text",
      "text": "Diamondback",
      "img": "icons/svg/d20.svg",
      "range": [
        43,
        43
      ],
      "drawn": false,
      "flags": {},
      "documentId": null,
      "weight": 1,
      "_key": "!tables.results!fbxRkGRpO71RwmnO.Bd9sZ5OoiesE9ajO"
    },
    {
      "_id": "R9kU4gRXnD07T2Sr",
      "type": "text",
      "text": "Dirty",
      "img": "icons/svg/d20.svg",
      "range": [
        44,
        44
      ],
      "drawn": false,
      "flags": {},
      "documentId": null,
      "weight": 1,
      "_key": "!tables.results!fbxRkGRpO71RwmnO.R9kU4gRXnD07T2Sr"
    },
    {
      "_id": "Zu0ZJpNS7ZbjllSd",
      "type": "text",
      "text": "Ditch",
      "img": "icons/svg/d20.svg",
      "range": [
        45,
        45
      ],
      "drawn": false,
      "flags": {},
      "documentId": null,
      "weight": 1,
      "_key": "!tables.results!fbxRkGRpO71RwmnO.Zu0ZJpNS7ZbjllSd"
    },
    {
      "_id": "6QVLjqqu4T6rR4BV",
      "type": "text",
      "text": "Drift",
      "img": "icons/svg/d20.svg",
      "range": [
        46,
        46
      ],
      "drawn": false,
      "flags": {},
      "documentId": null,
      "weight": 1,
      "_key": "!tables.results!fbxRkGRpO71RwmnO.6QVLjqqu4T6rR4BV"
    },
    {
      "_id": "i2zfWmCwyQYAFffA",
      "type": "text",
      "text": "Dust",
      "img": "icons/svg/d20.svg",
      "range": [
        47,
        47
      ],
      "drawn": false,
      "flags": {},
      "documentId": null,
      "weight": 1,
      "_key": "!tables.results!fbxRkGRpO71RwmnO.i2zfWmCwyQYAFffA"
    },
    {
      "_id": "nORMKvuB69TEFaVn",
      "type": "text",
      "text": "East Indy",
      "img": "icons/svg/d20.svg",
      "range": [
        48,
        48
      ],
      "drawn": false,
      "flags": {},
      "documentId": null,
      "weight": 1,
      "_key": "!tables.results!fbxRkGRpO71RwmnO.nORMKvuB69TEFaVn"
    },
    {
      "_id": "Oj0uI1WvZsGkH9Gz",
      "type": "text",
      "text": "Engineer",
      "img": "icons/svg/d20.svg",
      "range": [
        49,
        49
      ],
      "drawn": false,
      "flags": {},
      "documentId": null,
      "weight": 1,
      "_key": "!tables.results!fbxRkGRpO71RwmnO.Oj0uI1WvZsGkH9Gz"
    },
    {
      "_id": "eIOQvA7hiTwxmadB",
      "type": "text",
      "text": "Felon",
      "img": "icons/svg/d20.svg",
      "range": [
        50,
        50
      ],
      "drawn": false,
      "flags": {},
      "documentId": null,
      "weight": 1,
      "_key": "!tables.results!fbxRkGRpO71RwmnO.eIOQvA7hiTwxmadB"
    },
    {
      "_id": "dGK3vz5JKeuwntF7",
      "type": "text",
      "text": "Fish Face",
      "img": "icons/svg/d20.svg",
      "range": [
        51,
        51
      ],
      "drawn": false,
      "flags": {},
      "documentId": null,
      "weight": 1,
      "_key": "!tables.results!fbxRkGRpO71RwmnO.dGK3vz5JKeuwntF7"
    },
    {
      "_id": "gxpm1wgLt1EDAT3S",
      "type": "text",
      "text": "Flatline",
      "img": "icons/svg/d20.svg",
      "range": [
        52,
        52
      ],
      "drawn": false,
      "flags": {},
      "documentId": null,
      "weight": 1,
      "_key": "!tables.results!fbxRkGRpO71RwmnO.gxpm1wgLt1EDAT3S"
    },
    {
      "_id": "T3BJIQQCam3nE4Iz",
      "type": "text",
      "text": "Flood",
      "img": "icons/svg/d20.svg",
      "range": [
        53,
        53
      ],
      "drawn": false,
      "flags": {},
      "documentId": null,
      "weight": 1,
      "_key": "!tables.results!fbxRkGRpO71RwmnO.T3BJIQQCam3nE4Iz"
    },
    {
      "_id": "kvdLZ1soWXRW8bxR",
      "type": "text",
      "text": "Fluffbucket",
      "img": "icons/svg/d20.svg",
      "range": [
        54,
        54
      ],
      "drawn": false,
      "flags": {},
      "documentId": null,
      "weight": 1,
      "_key": "!tables.results!fbxRkGRpO71RwmnO.kvdLZ1soWXRW8bxR"
    },
    {
      "_id": "H3HCquXirZxTc4Es",
      "type": "text",
      "text": "Freebooter",
      "img": "icons/svg/d20.svg",
      "range": [
        55,
        55
      ],
      "drawn": false,
      "flags": {},
      "documentId": null,
      "weight": 1,
      "_key": "!tables.results!fbxRkGRpO71RwmnO.H3HCquXirZxTc4Es"
    },
    {
      "_id": "exydE2NlQAH67Skw",
      "type": "text",
      "text": "Frenzy",
      "img": "icons/svg/d20.svg",
      "range": [
        56,
        56
      ],
      "drawn": false,
      "flags": {},
      "documentId": null,
      "weight": 1,
      "_key": "!tables.results!fbxRkGRpO71RwmnO.exydE2NlQAH67Skw"
    },
    {
      "_id": "0sBc3y9XPVgWYitV",
      "type": "text",
      "text": "From the West",
      "img": "icons/svg/d20.svg",
      "range": [
        57,
        57
      ],
      "drawn": false,
      "flags": {},
      "documentId": null,
      "weight": 1,
      "_key": "!tables.results!fbxRkGRpO71RwmnO.0sBc3y9XPVgWYitV"
    },
    {
      "_id": "fCWPhjNmMnciowm9",
      "type": "text",
      "text": "Genesis",
      "img": "icons/svg/d20.svg",
      "range": [
        58,
        58
      ],
      "drawn": false,
      "flags": {},
      "documentId": null,
      "weight": 1,
      "_key": "!tables.results!fbxRkGRpO71RwmnO.fCWPhjNmMnciowm9"
    },
    {
      "_id": "b1N1JBBZifEIJsop",
      "type": "text",
      "text": "Grifter",
      "img": "icons/svg/d20.svg",
      "range": [
        59,
        59
      ],
      "drawn": false,
      "flags": {},
      "documentId": null,
      "weight": 1,
      "_key": "!tables.results!fbxRkGRpO71RwmnO.b1N1JBBZifEIJsop"
    },
    {
      "_id": "GpuOnb5WH2KxroPk",
      "type": "text",
      "text": "Guilty Conscience",
      "img": "icons/svg/d20.svg",
      "range": [
        60,
        60
      ],
      "drawn": false,
      "flags": {},
      "documentId": null,
      "weight": 1,
      "_key": "!tables.results!fbxRkGRpO71RwmnO.GpuOnb5WH2KxroPk"
    },
    {
      "_id": "X6hNLMWkvSonLoQG",
      "type": "text",
      "text": "Gunpoweder",
      "img": "icons/svg/d20.svg",
      "range": [
        61,
        61
      ],
      "drawn": false,
      "flags": {},
      "documentId": null,
      "weight": 1,
      "_key": "!tables.results!fbxRkGRpO71RwmnO.X6hNLMWkvSonLoQG"
    },
    {
      "_id": "uWDZXWwUHYhP8eiW",
      "type": "text",
      "text": "Hex",
      "img": "icons/svg/d20.svg",
      "range": [
        62,
        62
      ],
      "drawn": false,
      "flags": {},
      "documentId": null,
      "weight": 1,
      "_key": "!tables.results!fbxRkGRpO71RwmnO.uWDZXWwUHYhP8eiW"
    },
    {
      "_id": "kpkZJGNFmruLLv8Q",
      "type": "text",
      "text": "Hook",
      "img": "icons/svg/d20.svg",
      "range": [
        63,
        63
      ],
      "drawn": false,
      "flags": {},
      "documentId": null,
      "weight": 1,
      "_key": "!tables.results!fbxRkGRpO71RwmnO.kpkZJGNFmruLLv8Q"
    },
    {
      "_id": "UfzdU7bJ5zd30sxj",
      "type": "text",
      "text": "Hornswaggle",
      "img": "icons/svg/d20.svg",
      "range": [
        64,
        64
      ],
      "drawn": false,
      "flags": {},
      "documentId": null,
      "weight": 1,
      "_key": "!tables.results!fbxRkGRpO71RwmnO.UfzdU7bJ5zd30sxj"
    },
    {
      "_id": "tSigOClXpRb7QqXo",
      "type": "text",
      "text": "Hype",
      "img": "icons/svg/d20.svg",
      "range": [
        65,
        65
      ],
      "drawn": false,
      "flags": {},
      "documentId": null,
      "weight": 1,
      "_key": "!tables.results!fbxRkGRpO71RwmnO.tSigOClXpRb7QqXo"
    },
    {
      "_id": "0HbE1jWW9PPJMGCV",
      "type": "text",
      "text": "Inferno",
      "img": "icons/svg/d20.svg",
      "range": [
        66,
        66
      ],
      "drawn": false,
      "flags": {},
      "documentId": null,
      "weight": 1,
      "_key": "!tables.results!fbxRkGRpO71RwmnO.0HbE1jWW9PPJMGCV"
    },
    {
      "_id": "OZjmZnSPdsVVGnkR",
      "type": "text",
      "text": "Jackson",
      "img": "icons/svg/d20.svg",
      "range": [
        67,
        67
      ],
      "drawn": false,
      "flags": {},
      "documentId": null,
      "weight": 1,
      "_key": "!tables.results!fbxRkGRpO71RwmnO.OZjmZnSPdsVVGnkR"
    },
    {
      "_id": "DD9fVSfzzDag8cWD",
      "type": "text",
      "text": "Jolly",
      "img": "icons/svg/d20.svg",
      "range": [
        68,
        68
      ],
      "drawn": false,
      "flags": {},
      "documentId": null,
      "weight": 1,
      "_key": "!tables.results!fbxRkGRpO71RwmnO.DD9fVSfzzDag8cWD"
    },
    {
      "_id": "ppu1JAq7IcCCOGCI",
      "type": "text",
      "text": "Jolly Roger",
      "img": "icons/svg/d20.svg",
      "range": [
        69,
        69
      ],
      "drawn": false,
      "flags": {},
      "documentId": null,
      "weight": 1,
      "_key": "!tables.results!fbxRkGRpO71RwmnO.ppu1JAq7IcCCOGCI"
    },
    {
      "_id": "1dDkLcE35tQmjJyP",
      "type": "text",
      "text": "Jones",
      "img": "icons/svg/d20.svg",
      "range": [
        70,
        70
      ],
      "drawn": false,
      "flags": {},
      "documentId": null,
      "weight": 1,
      "_key": "!tables.results!fbxRkGRpO71RwmnO.1dDkLcE35tQmjJyP"
    },
    {
      "_id": "IMkTJtg7LUXGvkRy",
      "type": "text",
      "text": "Jungle",
      "img": "icons/svg/d20.svg",
      "range": [
        71,
        71
      ],
      "drawn": false,
      "flags": {},
      "documentId": null,
      "weight": 1,
      "_key": "!tables.results!fbxRkGRpO71RwmnO.IMkTJtg7LUXGvkRy"
    },
    {
      "_id": "BlQkgJ4az1vGmD7S",
      "type": "text",
      "text": "Kidd",
      "img": "icons/svg/d20.svg",
      "range": [
        72,
        72
      ],
      "drawn": false,
      "flags": {},
      "documentId": null,
      "weight": 1,
      "_key": "!tables.results!fbxRkGRpO71RwmnO.BlQkgJ4az1vGmD7S"
    },
    {
      "_id": "aOeLdi3QJyqYEScW",
      "type": "text",
      "text": "Lady",
      "img": "icons/svg/d20.svg",
      "range": [
        73,
        73
      ],
      "drawn": false,
      "flags": {},
      "documentId": null,
      "weight": 1,
      "_key": "!tables.results!fbxRkGRpO71RwmnO.aOeLdi3QJyqYEScW"
    },
    {
      "_id": "lCHo8qVEaiCuOKPA",
      "type": "text",
      "text": "Limerick",
      "img": "icons/svg/d20.svg",
      "range": [
        74,
        74
      ],
      "drawn": false,
      "flags": {},
      "documentId": null,
      "weight": 1,
      "_key": "!tables.results!fbxRkGRpO71RwmnO.lCHo8qVEaiCuOKPA"
    },
    {
      "_id": "Ya2TruEv7ICJETVD",
      "type": "text",
      "text": "Lobster Legs",
      "img": "icons/svg/d20.svg",
      "range": [
        75,
        75
      ],
      "drawn": false,
      "flags": {},
      "documentId": null,
      "weight": 1,
      "_key": "!tables.results!fbxRkGRpO71RwmnO.Ya2TruEv7ICJETVD"
    },
    {
      "_id": "xQbxtpSgML8SJTyS",
      "type": "text",
      "text": "Lonely Heart",
      "img": "icons/svg/d20.svg",
      "range": [
        76,
        76
      ],
      "drawn": false,
      "flags": {},
      "documentId": null,
      "weight": 1,
      "_key": "!tables.results!fbxRkGRpO71RwmnO.xQbxtpSgML8SJTyS"
    },
    {
      "_id": "WNZoVIfHuZ5pbwI8",
      "type": "text",
      "text": "Longshot",
      "img": "icons/svg/d20.svg",
      "range": [
        77,
        77
      ],
      "drawn": false,
      "flags": {},
      "documentId": null,
      "weight": 1,
      "_key": "!tables.results!fbxRkGRpO71RwmnO.WNZoVIfHuZ5pbwI8"
    },
    {
      "_id": "HtP3wC2mLXuyqA51",
      "type": "text",
      "text": "Mad",
      "img": "icons/svg/d20.svg",
      "range": [
        78,
        78
      ],
      "drawn": false,
      "flags": {},
      "documentId": null,
      "weight": 1,
      "_key": "!tables.results!fbxRkGRpO71RwmnO.HtP3wC2mLXuyqA51"
    },
    {
      "_id": "e3rzDBjTMbixnhBI",
      "type": "text",
      "text": "Malice",
      "img": "icons/svg/d20.svg",
      "range": [
        79,
        79
      ],
      "drawn": false,
      "flags": {},
      "documentId": null,
      "weight": 1,
      "_key": "!tables.results!fbxRkGRpO71RwmnO.e3rzDBjTMbixnhBI"
    },
    {
      "_id": "r3yiufJ6Y2EpDAnA",
      "type": "text",
      "text": "Matey",
      "img": "icons/svg/d20.svg",
      "range": [
        80,
        80
      ],
      "drawn": false,
      "flags": {},
      "documentId": null,
      "weight": 1,
      "_key": "!tables.results!fbxRkGRpO71RwmnO.r3yiufJ6Y2EpDAnA"
    },
    {
      "_id": "vxhhZipmDAFhiwUa",
      "type": "text",
      "text": "Mayhem",
      "img": "icons/svg/d20.svg",
      "range": [
        81,
        81
      ],
      "drawn": false,
      "flags": {},
      "documentId": null,
      "weight": 1,
      "_key": "!tables.results!fbxRkGRpO71RwmnO.vxhhZipmDAFhiwUa"
    },
    {
      "_id": "ECvwde7MkqsTGx8R",
      "type": "text",
      "text": "McStinky",
      "img": "icons/svg/d20.svg",
      "range": [
        82,
        82
      ],
      "drawn": false,
      "flags": {},
      "documentId": null,
      "weight": 1,
      "_key": "!tables.results!fbxRkGRpO71RwmnO.ECvwde7MkqsTGx8R"
    },
    {
      "_id": "V6QxEl1oOJkb5aOb",
      "type": "text",
      "text": "McStubby",
      "img": "icons/svg/d20.svg",
      "range": [
        83,
        83
      ],
      "drawn": false,
      "flags": {},
      "documentId": null,
      "weight": 1,
      "_key": "!tables.results!fbxRkGRpO71RwmnO.V6QxEl1oOJkb5aOb"
    },
    {
      "_id": "1Ji9jvxS8jPeAvj6",
      "type": "text",
      "text": "Meathook",
      "img": "icons/svg/d20.svg",
      "range": [
        84,
        84
      ],
      "drawn": false,
      "flags": {},
      "documentId": null,
      "weight": 1,
      "_key": "!tables.results!fbxRkGRpO71RwmnO.1Ji9jvxS8jPeAvj6"
    },
    {
      "_id": "vgmbWkRtNxJz30BU",
      "type": "text",
      "text": "Mermaid",
      "img": "icons/svg/d20.svg",
      "range": [
        85,
        85
      ],
      "drawn": false,
      "flags": {},
      "documentId": null,
      "weight": 1,
      "_key": "!tables.results!fbxRkGRpO71RwmnO.vgmbWkRtNxJz30BU"
    },
    {
      "_id": "Z3t44Bs8ziL6AqMc",
      "type": "text",
      "text": "Mimic",
      "img": "icons/svg/d20.svg",
      "range": [
        86,
        86
      ],
      "drawn": false,
      "flags": {},
      "documentId": null,
      "weight": 1,
      "_key": "!tables.results!fbxRkGRpO71RwmnO.Z3t44Bs8ziL6AqMc"
    },
    {
      "_id": "4DPwiNxFd41k2Two",
      "type": "text",
      "text": "Miracle",
      "img": "icons/svg/d20.svg",
      "range": [
        87,
        87
      ],
      "drawn": false,
      "flags": {},
      "documentId": null,
      "weight": 1,
      "_key": "!tables.results!fbxRkGRpO71RwmnO.4DPwiNxFd41k2Two"
    },
    {
      "_id": "rxDXZ0dh59ujR6C5",
      "type": "text",
      "text": "Misfit",
      "img": "icons/svg/d20.svg",
      "range": [
        88,
        88
      ],
      "drawn": false,
      "flags": {},
      "documentId": null,
      "weight": 1,
      "_key": "!tables.results!fbxRkGRpO71RwmnO.rxDXZ0dh59ujR6C5"
    },
    {
      "_id": "JIBDUtpE5H5VvufZ",
      "type": "text",
      "text": "Miss",
      "img": "icons/svg/d20.svg",
      "range": [
        89,
        89
      ],
      "drawn": false,
      "flags": {},
      "documentId": null,
      "weight": 1,
      "_key": "!tables.results!fbxRkGRpO71RwmnO.JIBDUtpE5H5VvufZ"
    },
    {
      "_id": "eUNfajZYJZfG6HM0",
      "type": "text",
      "text": "Mockingbird",
      "img": "icons/svg/d20.svg",
      "range": [
        90,
        90
      ],
      "drawn": false,
      "flags": {},
      "documentId": null,
      "weight": 1,
      "_key": "!tables.results!fbxRkGRpO71RwmnO.eUNfajZYJZfG6HM0"
    },
    {
      "_id": "KIGLuoBUTs6yL0v6",
      "type": "text",
      "text": "Monster of Port-au-Prince",
      "img": "icons/svg/d20.svg",
      "range": [
        91,
        91
      ],
      "drawn": false,
      "flags": {},
      "documentId": null,
      "weight": 1,
      "_key": "!tables.results!fbxRkGRpO71RwmnO.KIGLuoBUTs6yL0v6"
    },
    {
      "_id": "ZfoInCqOhAJkMC5y",
      "type": "text",
      "text": "Morgan",
      "img": "icons/svg/d20.svg",
      "range": [
        92,
        92
      ],
      "drawn": false,
      "flags": {},
      "documentId": null,
      "weight": 1,
      "_key": "!tables.results!fbxRkGRpO71RwmnO.ZfoInCqOhAJkMC5y"
    },
    {
      "_id": "FXPKv8oeB0dbPHmo",
      "type": "text",
      "text": "Mudlark",
      "img": "icons/svg/d20.svg",
      "range": [
        93,
        93
      ],
      "drawn": false,
      "flags": {},
      "documentId": null,
      "weight": 1,
      "_key": "!tables.results!fbxRkGRpO71RwmnO.FXPKv8oeB0dbPHmo"
    },
    {
      "_id": "dGNnnzXMlYRTSz2Y",
      "type": "text",
      "text": "Mutilator",
      "img": "icons/svg/d20.svg",
      "range": [
        94,
        94
      ],
      "drawn": false,
      "flags": {},
      "documentId": null,
      "weight": 1,
      "_key": "!tables.results!fbxRkGRpO71RwmnO.dGNnnzXMlYRTSz2Y"
    },
    {
      "_id": "HYRB0nLqXa2YRYih",
      "type": "text",
      "text": "Nashville Psycho",
      "img": "icons/svg/d20.svg",
      "range": [
        95,
        95
      ],
      "drawn": false,
      "flags": {},
      "documentId": null,
      "weight": 1,
      "_key": "!tables.results!fbxRkGRpO71RwmnO.HYRB0nLqXa2YRYih"
    },
    {
      "_id": "EM19pneAOVqdxh8A",
      "type": "text",
      "text": "Ned Head",
      "img": "icons/svg/d20.svg",
      "range": [
        96,
        96
      ],
      "drawn": false,
      "flags": {},
      "documentId": null,
      "weight": 1,
      "_key": "!tables.results!fbxRkGRpO71RwmnO.EM19pneAOVqdxh8A"
    },
    {
      "_id": "JhFwfY26gJWfI8dj",
      "type": "text",
      "text": "Night Eyes",
      "img": "icons/svg/d20.svg",
      "range": [
        97,
        97
      ],
      "drawn": false,
      "flags": {},
      "documentId": null,
      "weight": 1,
      "_key": "!tables.results!fbxRkGRpO71RwmnO.JhFwfY26gJWfI8dj"
    },
    {
      "_id": "BB0p2EO7W30OMSlt",
      "type": "text",
      "text": "Nocturne",
      "img": "icons/svg/d20.svg",
      "range": [
        98,
        98
      ],
      "drawn": false,
      "flags": {},
      "documentId": null,
      "weight": 1,
      "_key": "!tables.results!fbxRkGRpO71RwmnO.BB0p2EO7W30OMSlt"
    },
    {
      "_id": "RJIvs3xwq4XRmrRw",
      "type": "text",
      "text": "O’ Fish",
      "img": "icons/svg/d20.svg",
      "range": [
        99,
        99
      ],
      "drawn": false,
      "flags": {},
      "documentId": null,
      "weight": 1,
      "_key": "!tables.results!fbxRkGRpO71RwmnO.RJIvs3xwq4XRmrRw"
    },
    {
      "_id": "8JFliNB5ShFRPzPF",
      "type": "text",
      "text": "O’ Malley",
      "img": "icons/svg/d20.svg",
      "range": [
        100,
        100
      ],
      "drawn": false,
      "flags": {},
      "documentId": null,
      "weight": 1,
      "_key": "!tables.results!fbxRkGRpO71RwmnO.8JFliNB5ShFRPzPF"
    },
    {
      "_id": "BIJ93FfXzJQOwjCB",
      "type": "text",
      "text": "Oblique",
      "img": "icons/svg/d20.svg",
      "range": [
        101,
        101
      ],
      "drawn": false,
      "flags": {},
      "documentId": null,
      "weight": 1,
      "_key": "!tables.results!fbxRkGRpO71RwmnO.BIJ93FfXzJQOwjCB"
    },
    {
      "_id": "qj2b0pD4i1er0NSI",
      "type": "text",
      "text": "Ocean",
      "img": "icons/svg/d20.svg",
      "range": [
        102,
        102
      ],
      "drawn": false,
      "flags": {},
      "documentId": null,
      "weight": 1,
      "_key": "!tables.results!fbxRkGRpO71RwmnO.qj2b0pD4i1er0NSI"
    },
    {
      "_id": "7d2Q3vYCzaN0WCLr",
      "type": "text",
      "text": "Of Atlantis",
      "img": "icons/svg/d20.svg",
      "range": [
        103,
        103
      ],
      "drawn": false,
      "flags": {},
      "documentId": null,
      "weight": 1,
      "_key": "!tables.results!fbxRkGRpO71RwmnO.7d2Q3vYCzaN0WCLr"
    },
    {
      "_id": "hOGw16xJD2SwQnTF",
      "type": "text",
      "text": "Of Dark Water",
      "img": "icons/svg/d20.svg",
      "range": [
        104,
        104
      ],
      "drawn": false,
      "flags": {},
      "documentId": null,
      "weight": 1,
      "_key": "!tables.results!fbxRkGRpO71RwmnO.hOGw16xJD2SwQnTF"
    },
    {
      "_id": "X9zpmx35TsnyvGjg",
      "type": "text",
      "text": "Of the Coast",
      "img": "icons/svg/d20.svg",
      "range": [
        105,
        105
      ],
      "drawn": false,
      "flags": {},
      "documentId": null,
      "weight": 1,
      "_key": "!tables.results!fbxRkGRpO71RwmnO.X9zpmx35TsnyvGjg"
    },
    {
      "_id": "NVoE1kUnarsre6E4",
      "type": "text",
      "text": "Old",
      "img": "icons/svg/d20.svg",
      "range": [
        106,
        106
      ],
      "drawn": false,
      "flags": {},
      "documentId": null,
      "weight": 1,
      "_key": "!tables.results!fbxRkGRpO71RwmnO.NVoE1kUnarsre6E4"
    },
    {
      "_id": "mcxjLHQh1Zf0BOQu",
      "type": "text",
      "text": "Old Lace",
      "img": "icons/svg/d20.svg",
      "range": [
        107,
        107
      ],
      "drawn": false,
      "flags": {},
      "documentId": null,
      "weight": 1,
      "_key": "!tables.results!fbxRkGRpO71RwmnO.mcxjLHQh1Zf0BOQu"
    },
    {
      "_id": "TjYxttFHROAMA4iT",
      "type": "text",
      "text": "Omega",
      "img": "icons/svg/d20.svg",
      "range": [
        108,
        108
      ],
      "drawn": false,
      "flags": {},
      "documentId": null,
      "weight": 1,
      "_key": "!tables.results!fbxRkGRpO71RwmnO.TjYxttFHROAMA4iT"
    },
    {
      "_id": "PM1H1SXc0nUkvcZz",
      "type": "text",
      "text": "One Eye",
      "img": "icons/svg/d20.svg",
      "range": [
        109,
        109
      ],
      "drawn": false,
      "flags": {},
      "documentId": null,
      "weight": 1,
      "_key": "!tables.results!fbxRkGRpO71RwmnO.PM1H1SXc0nUkvcZz"
    },
    {
      "_id": "aAkSXcnZZcQNJ1sL",
      "type": "text",
      "text": "One Leg",
      "img": "icons/svg/d20.svg",
      "range": [
        110,
        110
      ],
      "drawn": false,
      "flags": {},
      "documentId": null,
      "weight": 1,
      "_key": "!tables.results!fbxRkGRpO71RwmnO.aAkSXcnZZcQNJ1sL"
    },
    {
      "_id": "PMMfPugsLobfdoPL",
      "type": "text",
      "text": "One Shot",
      "img": "icons/svg/d20.svg",
      "range": [
        111,
        111
      ],
      "drawn": false,
      "flags": {},
      "documentId": null,
      "weight": 1,
      "_key": "!tables.results!fbxRkGRpO71RwmnO.PMMfPugsLobfdoPL"
    },
    {
      "_id": "3wAwjZb4QaO2hyMv",
      "type": "text",
      "text": "Papa",
      "img": "icons/svg/d20.svg",
      "range": [
        112,
        112
      ],
      "drawn": false,
      "flags": {},
      "documentId": null,
      "weight": 1,
      "_key": "!tables.results!fbxRkGRpO71RwmnO.3wAwjZb4QaO2hyMv"
    },
    {
      "_id": "iYkJY5oBQLYjZfHo",
      "type": "text",
      "text": "Parallax",
      "img": "icons/svg/d20.svg",
      "range": [
        113,
        113
      ],
      "drawn": false,
      "flags": {},
      "documentId": null,
      "weight": 1,
      "_key": "!tables.results!fbxRkGRpO71RwmnO.iYkJY5oBQLYjZfHo"
    },
    {
      "_id": "1veHCv91afq9D9JM",
      "type": "text",
      "text": "Patches",
      "img": "icons/svg/d20.svg",
      "range": [
        114,
        114
      ],
      "drawn": false,
      "flags": {},
      "documentId": null,
      "weight": 1,
      "_key": "!tables.results!fbxRkGRpO71RwmnO.1veHCv91afq9D9JM"
    },
    {
      "_id": "6hVGnwX9WFTtCr7v",
      "type": "text",
      "text": "Peg Leg",
      "img": "icons/svg/d20.svg",
      "range": [
        115,
        115
      ],
      "drawn": false,
      "flags": {},
      "documentId": null,
      "weight": 1,
      "_key": "!tables.results!fbxRkGRpO71RwmnO.6hVGnwX9WFTtCr7v"
    },
    {
      "_id": "3GiYEmxMJEvMp8gu",
      "type": "text",
      "text": "Pied Piper",
      "img": "icons/svg/d20.svg",
      "range": [
        116,
        116
      ],
      "drawn": false,
      "flags": {},
      "documentId": null,
      "weight": 1,
      "_key": "!tables.results!fbxRkGRpO71RwmnO.3GiYEmxMJEvMp8gu"
    },
    {
      "_id": "toV5jztLEfuUf4Vv",
      "type": "text",
      "text": "Pitfall",
      "img": "icons/svg/d20.svg",
      "range": [
        117,
        117
      ],
      "drawn": false,
      "flags": {},
      "documentId": null,
      "weight": 1,
      "_key": "!tables.results!fbxRkGRpO71RwmnO.toV5jztLEfuUf4Vv"
    },
    {
      "_id": "OJWhjn99IFuiqZ4m",
      "type": "text",
      "text": "Pyro",
      "img": "icons/svg/d20.svg",
      "range": [
        118,
        118
      ],
      "drawn": false,
      "flags": {},
      "documentId": null,
      "weight": 1,
      "_key": "!tables.results!fbxRkGRpO71RwmnO.OJWhjn99IFuiqZ4m"
    },
    {
      "_id": "SJVK2CqRCeIN9Kil",
      "type": "text",
      "text": "Queen Anders",
      "img": "icons/svg/d20.svg",
      "range": [
        119,
        119
      ],
      "drawn": false,
      "flags": {},
      "documentId": null,
      "weight": 1,
      "_key": "!tables.results!fbxRkGRpO71RwmnO.SJVK2CqRCeIN9Kil"
    },
    {
      "_id": "YH8B2MLQoyelRdOk",
      "type": "text",
      "text": "Rampage",
      "img": "icons/svg/d20.svg",
      "range": [
        120,
        120
      ],
      "drawn": false,
      "flags": {},
      "documentId": null,
      "weight": 1,
      "_key": "!tables.results!fbxRkGRpO71RwmnO.YH8B2MLQoyelRdOk"
    },
    {
      "_id": "0Qea1EjG8IClfjWc",
      "type": "text",
      "text": "Rascal",
      "img": "icons/svg/d20.svg",
      "range": [
        121,
        121
      ],
      "drawn": false,
      "flags": {},
      "documentId": null,
      "weight": 1,
      "_key": "!tables.results!fbxRkGRpO71RwmnO.0Qea1EjG8IClfjWc"
    },
    {
      "_id": "HlEfAjY6pIrbPA1F",
      "type": "text",
      "text": "Recluse",
      "img": "icons/svg/d20.svg",
      "range": [
        122,
        122
      ],
      "drawn": false,
      "flags": {},
      "documentId": null,
      "weight": 1,
      "_key": "!tables.results!fbxRkGRpO71RwmnO.HlEfAjY6pIrbPA1F"
    },
    {
      "_id": "Bi2qOM5d109c83r4",
      "type": "text",
      "text": "Red",
      "img": "icons/svg/d20.svg",
      "range": [
        123,
        123
      ],
      "drawn": false,
      "flags": {},
      "documentId": null,
      "weight": 1,
      "_key": "!tables.results!fbxRkGRpO71RwmnO.Bi2qOM5d109c83r4"
    },
    {
      "_id": "DXoti4DF383ZB2FX",
      "type": "text",
      "text": "Red Cloud",
      "img": "icons/svg/d20.svg",
      "range": [
        124,
        124
      ],
      "drawn": false,
      "flags": {},
      "documentId": null,
      "weight": 1,
      "_key": "!tables.results!fbxRkGRpO71RwmnO.DXoti4DF383ZB2FX"
    },
    {
      "_id": "1B9uHQRnvtID56YY",
      "type": "text",
      "text": "Red Saint",
      "img": "icons/svg/d20.svg",
      "range": [
        125,
        125
      ],
      "drawn": false,
      "flags": {},
      "documentId": null,
      "weight": 1,
      "_key": "!tables.results!fbxRkGRpO71RwmnO.1B9uHQRnvtID56YY"
    },
    {
      "_id": "5rfNAlK4R317BNaE",
      "type": "text",
      "text": "Red Wolf",
      "img": "icons/svg/d20.svg",
      "range": [
        126,
        126
      ],
      "drawn": false,
      "flags": {},
      "documentId": null,
      "weight": 1,
      "_key": "!tables.results!fbxRkGRpO71RwmnO.5rfNAlK4R317BNaE"
    },
    {
      "_id": "X81lk8x6c9URa0IU",
      "type": "text",
      "text": "Rewind",
      "img": "icons/svg/d20.svg",
      "range": [
        127,
        127
      ],
      "drawn": false,
      "flags": {},
      "documentId": null,
      "weight": 1,
      "_key": "!tables.results!fbxRkGRpO71RwmnO.X81lk8x6c9URa0IU"
    },
    {
      "_id": "LBrGrdQYo4Kg9H6I",
      "type": "text",
      "text": "Rivers",
      "img": "icons/svg/d20.svg",
      "range": [
        128,
        128
      ],
      "drawn": false,
      "flags": {},
      "documentId": null,
      "weight": 1,
      "_key": "!tables.results!fbxRkGRpO71RwmnO.LBrGrdQYo4Kg9H6I"
    },
    {
      "_id": "m6FaJToY72Jj7tM5",
      "type": "text",
      "text": "Ropeburn",
      "img": "icons/svg/d20.svg",
      "range": [
        129,
        129
      ],
      "drawn": false,
      "flags": {},
      "documentId": null,
      "weight": 1,
      "_key": "!tables.results!fbxRkGRpO71RwmnO.m6FaJToY72Jj7tM5"
    },
    {
      "_id": "smitr5KEOINQYtnj",
      "type": "text",
      "text": "Rundown",
      "img": "icons/svg/d20.svg",
      "range": [
        130,
        130
      ],
      "drawn": false,
      "flags": {},
      "documentId": null,
      "weight": 1,
      "_key": "!tables.results!fbxRkGRpO71RwmnO.smitr5KEOINQYtnj"
    },
    {
      "_id": "LW13epoTLSrPB3Yl",
      "type": "text",
      "text": "Sabbath",
      "img": "icons/svg/d20.svg",
      "range": [
        131,
        131
      ],
      "drawn": false,
      "flags": {},
      "documentId": null,
      "weight": 1,
      "_key": "!tables.results!fbxRkGRpO71RwmnO.LW13epoTLSrPB3Yl"
    },
    {
      "_id": "NTT3y3tws3B1XJH4",
      "type": "text",
      "text": "Safari",
      "img": "icons/svg/d20.svg",
      "range": [
        132,
        132
      ],
      "drawn": false,
      "flags": {},
      "documentId": null,
      "weight": 1,
      "_key": "!tables.results!fbxRkGRpO71RwmnO.NTT3y3tws3B1XJH4"
    },
    {
      "_id": "cfRsGF4r601Rap6w",
      "type": "text",
      "text": "Salty",
      "img": "icons/svg/d20.svg",
      "range": [
        133,
        133
      ],
      "drawn": false,
      "flags": {},
      "documentId": null,
      "weight": 1,
      "_key": "!tables.results!fbxRkGRpO71RwmnO.cfRsGF4r601Rap6w"
    },
    {
      "_id": "c1YmecpDOkugszfb",
      "type": "text",
      "text": "Scallywag",
      "img": "icons/svg/d20.svg",
      "range": [
        134,
        134
      ],
      "drawn": false,
      "flags": {},
      "documentId": null,
      "weight": 1,
      "_key": "!tables.results!fbxRkGRpO71RwmnO.c1YmecpDOkugszfb"
    },
    {
      "_id": "nDJ5kvw9GxtKYjXe",
      "type": "text",
      "text": "Sea Devil",
      "img": "icons/svg/d20.svg",
      "range": [
        135,
        135
      ],
      "drawn": false,
      "flags": {},
      "documentId": null,
      "weight": 1,
      "_key": "!tables.results!fbxRkGRpO71RwmnO.nDJ5kvw9GxtKYjXe"
    },
    {
      "_id": "jqQatj0bvIr4b9H7",
      "type": "text",
      "text": "Sea Turtle",
      "img": "icons/svg/d20.svg",
      "range": [
        136,
        136
      ],
      "drawn": false,
      "flags": {},
      "documentId": null,
      "weight": 1,
      "_key": "!tables.results!fbxRkGRpO71RwmnO.jqQatj0bvIr4b9H7"
    },
    {
      "_id": "NrLHy4DSxPsJ7OpG",
      "type": "text",
      "text": "Sea Wolf",
      "img": "icons/svg/d20.svg",
      "range": [
        137,
        137
      ],
      "drawn": false,
      "flags": {},
      "documentId": null,
      "weight": 1,
      "_key": "!tables.results!fbxRkGRpO71RwmnO.NrLHy4DSxPsJ7OpG"
    },
    {
      "_id": "Ot8EM4dbmnlcghD4",
      "type": "text",
      "text": "Seachest",
      "img": "icons/svg/d20.svg",
      "range": [
        138,
        138
      ],
      "drawn": false,
      "flags": {},
      "documentId": null,
      "weight": 1,
      "_key": "!tables.results!fbxRkGRpO71RwmnO.Ot8EM4dbmnlcghD4"
    },
    {
      "_id": "1bEZ4CeSGktmsESh",
      "type": "text",
      "text": "Shakespeare",
      "img": "icons/svg/d20.svg",
      "range": [
        139,
        139
      ],
      "drawn": false,
      "flags": {},
      "documentId": null,
      "weight": 1,
      "_key": "!tables.results!fbxRkGRpO71RwmnO.1bEZ4CeSGktmsESh"
    },
    {
      "_id": "nRWmgS2eok7ccaHE",
      "type": "text",
      "text": "Sharkbait",
      "img": "icons/svg/d20.svg",
      "range": [
        140,
        140
      ],
      "drawn": false,
      "flags": {},
      "documentId": null,
      "weight": 1,
      "_key": "!tables.results!fbxRkGRpO71RwmnO.nRWmgS2eok7ccaHE"
    },
    {
      "_id": "xNoNErGI9LYhI9LW",
      "type": "text",
      "text": "Shivers",
      "img": "icons/svg/d20.svg",
      "range": [
        141,
        141
      ],
      "drawn": false,
      "flags": {},
      "documentId": null,
      "weight": 1,
      "_key": "!tables.results!fbxRkGRpO71RwmnO.xNoNErGI9LYhI9LW"
    },
    {
      "_id": "nfTz9DtxojMy6FbP",
      "type": "text",
      "text": "Sick Sin",
      "img": "icons/svg/d20.svg",
      "range": [
        142,
        142
      ],
      "drawn": false,
      "flags": {},
      "documentId": null,
      "weight": 1,
      "_key": "!tables.results!fbxRkGRpO71RwmnO.nfTz9DtxojMy6FbP"
    },
    {
      "_id": "jtwLno37b6u1dnUe",
      "type": "text",
      "text": "Siren",
      "img": "icons/svg/d20.svg",
      "range": [
        143,
        143
      ],
      "drawn": false,
      "flags": {},
      "documentId": null,
      "weight": 1,
      "_key": "!tables.results!fbxRkGRpO71RwmnO.jtwLno37b6u1dnUe"
    },
    {
      "_id": "QSMCHCISg4bLfmeq",
      "type": "text",
      "text": "Sister",
      "img": "icons/svg/d20.svg",
      "range": [
        144,
        144
      ],
      "drawn": false,
      "flags": {},
      "documentId": null,
      "weight": 1,
      "_key": "!tables.results!fbxRkGRpO71RwmnO.QSMCHCISg4bLfmeq"
    },
    {
      "_id": "UBMnr0T0j7DmEbtx",
      "type": "text",
      "text": "Slicer",
      "img": "icons/svg/d20.svg",
      "range": [
        145,
        145
      ],
      "drawn": false,
      "flags": {},
      "documentId": null,
      "weight": 1,
      "_key": "!tables.results!fbxRkGRpO71RwmnO.UBMnr0T0j7DmEbtx"
    },
    {
      "_id": "8n3zK97eo2TriufV",
      "type": "text",
      "text": "Snake",
      "img": "icons/svg/d20.svg",
      "range": [
        146,
        146
      ],
      "drawn": false,
      "flags": {},
      "documentId": null,
      "weight": 1,
      "_key": "!tables.results!fbxRkGRpO71RwmnO.8n3zK97eo2TriufV"
    },
    {
      "_id": "xeQ6QB4hy47KQVdi",
      "type": "text",
      "text": "Solstice",
      "img": "icons/svg/d20.svg",
      "range": [
        147,
        147
      ],
      "drawn": false,
      "flags": {},
      "documentId": null,
      "weight": 1,
      "_key": "!tables.results!fbxRkGRpO71RwmnO.xeQ6QB4hy47KQVdi"
    },
    {
      "_id": "ohCKd1kaXKeIiPzi",
      "type": "text",
      "text": "Sparrow",
      "img": "icons/svg/d20.svg",
      "range": [
        148,
        148
      ],
      "drawn": false,
      "flags": {},
      "documentId": null,
      "weight": 1,
      "_key": "!tables.results!fbxRkGRpO71RwmnO.ohCKd1kaXKeIiPzi"
    },
    {
      "_id": "IWgEiyrhjYEkvcjn",
      "type": "text",
      "text": "Spasm",
      "img": "icons/svg/d20.svg",
      "range": [
        149,
        149
      ],
      "drawn": false,
      "flags": {},
      "documentId": null,
      "weight": 1,
      "_key": "!tables.results!fbxRkGRpO71RwmnO.IWgEiyrhjYEkvcjn"
    },
    {
      "_id": "zHIAf8jjwyHD8Rdw",
      "type": "text",
      "text": "Spike",
      "img": "icons/svg/d20.svg",
      "range": [
        150,
        150
      ],
      "drawn": false,
      "flags": {},
      "documentId": null,
      "weight": 1,
      "_key": "!tables.results!fbxRkGRpO71RwmnO.zHIAf8jjwyHD8Rdw"
    },
    {
      "_id": "rqzLaK28C5BoeTML",
      "type": "text",
      "text": "Spite",
      "img": "icons/svg/d20.svg",
      "range": [
        151,
        151
      ],
      "drawn": false,
      "flags": {},
      "documentId": null,
      "weight": 1,
      "_key": "!tables.results!fbxRkGRpO71RwmnO.rqzLaK28C5BoeTML"
    },
    {
      "_id": "OvoctpLRhdN4d9yy",
      "type": "text",
      "text": "Squidlips",
      "img": "icons/svg/d20.svg",
      "range": [
        152,
        152
      ],
      "drawn": false,
      "flags": {},
      "documentId": null,
      "weight": 1,
      "_key": "!tables.results!fbxRkGRpO71RwmnO.OvoctpLRhdN4d9yy"
    },
    {
      "_id": "zeYvjrSKMCTW4Blt",
      "type": "text",
      "text": "Standoff",
      "img": "icons/svg/d20.svg",
      "range": [
        153,
        153
      ],
      "drawn": false,
      "flags": {},
      "documentId": null,
      "weight": 1,
      "_key": "!tables.results!fbxRkGRpO71RwmnO.zeYvjrSKMCTW4Blt"
    },
    {
      "_id": "duyvjHRGUGsVav1P",
      "type": "text",
      "text": "Stinky",
      "img": "icons/svg/d20.svg",
      "range": [
        154,
        154
      ],
      "drawn": false,
      "flags": {},
      "documentId": null,
      "weight": 1,
      "_key": "!tables.results!fbxRkGRpO71RwmnO.duyvjHRGUGsVav1P"
    },
    {
      "_id": "aUs3eezFsmx6tQTW",
      "type": "text",
      "text": "Stonewall",
      "img": "icons/svg/d20.svg",
      "range": [
        155,
        155
      ],
      "drawn": false,
      "flags": {},
      "documentId": null,
      "weight": 1,
      "_key": "!tables.results!fbxRkGRpO71RwmnO.aUs3eezFsmx6tQTW"
    },
    {
      "_id": "OGOAHnvKdAU7mo7Z",
      "type": "text",
      "text": "Strangler",
      "img": "icons/svg/d20.svg",
      "range": [
        156,
        156
      ],
      "drawn": false,
      "flags": {},
      "documentId": null,
      "weight": 1,
      "_key": "!tables.results!fbxRkGRpO71RwmnO.OGOAHnvKdAU7mo7Z"
    },
    {
      "_id": "DIUrV2Rl8gU5t17A",
      "type": "text",
      "text": "Stubby",
      "img": "icons/svg/d20.svg",
      "range": [
        157,
        157
      ],
      "drawn": false,
      "flags": {},
      "documentId": null,
      "weight": 1,
      "_key": "!tables.results!fbxRkGRpO71RwmnO.DIUrV2Rl8gU5t17A"
    },
    {
      "_id": "ryh7JBKadOfbP0Tq",
      "type": "text",
      "text": "Surge",
      "img": "icons/svg/d20.svg",
      "range": [
        158,
        158
      ],
      "drawn": false,
      "flags": {},
      "documentId": null,
      "weight": 1,
      "_key": "!tables.results!fbxRkGRpO71RwmnO.ryh7JBKadOfbP0Tq"
    },
    {
      "_id": "RWynhvJMWg6Tru8h",
      "type": "text",
      "text": "Swamp Skin",
      "img": "icons/svg/d20.svg",
      "range": [
        159,
        159
      ],
      "drawn": false,
      "flags": {},
      "documentId": null,
      "weight": 1,
      "_key": "!tables.results!fbxRkGRpO71RwmnO.RWynhvJMWg6Tru8h"
    },
    {
      "_id": "KKhI3w1y8SNYchbX",
      "type": "text",
      "text": "Task Rabbit",
      "img": "icons/svg/d20.svg",
      "range": [
        160,
        160
      ],
      "drawn": false,
      "flags": {},
      "documentId": null,
      "weight": 1,
      "_key": "!tables.results!fbxRkGRpO71RwmnO.KKhI3w1y8SNYchbX"
    },
    {
      "_id": "HiVAAcq3Af7OSj35",
      "type": "text",
      "text": "Tempo",
      "img": "icons/svg/d20.svg",
      "range": [
        161,
        161
      ],
      "drawn": false,
      "flags": {},
      "documentId": null,
      "weight": 1,
      "_key": "!tables.results!fbxRkGRpO71RwmnO.HiVAAcq3Af7OSj35"
    },
    {
      "_id": "IoeNhOFEPbhL3Q4D",
      "type": "text",
      "text": "Tempus",
      "img": "icons/svg/d20.svg",
      "range": [
        162,
        162
      ],
      "drawn": false,
      "flags": {},
      "documentId": null,
      "weight": 1,
      "_key": "!tables.results!fbxRkGRpO71RwmnO.IoeNhOFEPbhL3Q4D"
    },
    {
      "_id": "UB4dUDMZaCAHRsVA",
      "type": "text",
      "text": "The Barber",
      "img": "icons/svg/d20.svg",
      "range": [
        163,
        163
      ],
      "drawn": false,
      "flags": {},
      "documentId": null,
      "weight": 1,
      "_key": "!tables.results!fbxRkGRpO71RwmnO.UB4dUDMZaCAHRsVA"
    },
    {
      "_id": "4FPqbLatrFobY0SD",
      "type": "text",
      "text": "The Bride",
      "img": "icons/svg/d20.svg",
      "range": [
        164,
        164
      ],
      "drawn": false,
      "flags": {},
      "documentId": null,
      "weight": 1,
      "_key": "!tables.results!fbxRkGRpO71RwmnO.4FPqbLatrFobY0SD"
    },
    {
      "_id": "vVohc4bgqW1qPdu4",
      "type": "text",
      "text": "The Claw",
      "img": "icons/svg/d20.svg",
      "range": [
        165,
        165
      ],
      "drawn": false,
      "flags": {},
      "documentId": null,
      "weight": 1,
      "_key": "!tables.results!fbxRkGRpO71RwmnO.vVohc4bgqW1qPdu4"
    },
    {
      "_id": "HmMUDgjU1gCZk4O3",
      "type": "text",
      "text": "The Fisherman",
      "img": "icons/svg/d20.svg",
      "range": [
        166,
        166
      ],
      "drawn": false,
      "flags": {},
      "documentId": null,
      "weight": 1,
      "_key": "!tables.results!fbxRkGRpO71RwmnO.HmMUDgjU1gCZk4O3"
    },
    {
      "_id": "2bKwSwOaAMSBT92u",
      "type": "text",
      "text": "The Hunter",
      "img": "icons/svg/d20.svg",
      "range": [
        167,
        167
      ],
      "drawn": false,
      "flags": {},
      "documentId": null,
      "weight": 1,
      "_key": "!tables.results!fbxRkGRpO71RwmnO.2bKwSwOaAMSBT92u"
    },
    {
      "_id": "Sa3cogloivLb6Q2Z",
      "type": "text",
      "text": "The Kingston Executioner",
      "img": "icons/svg/d20.svg",
      "range": [
        168,
        168
      ],
      "drawn": false,
      "flags": {},
      "documentId": null,
      "weight": 1,
      "_key": "!tables.results!fbxRkGRpO71RwmnO.Sa3cogloivLb6Q2Z"
    },
    {
      "_id": "3qyB3fo02420rSu1",
      "type": "text",
      "text": "The Knave",
      "img": "icons/svg/d20.svg",
      "range": [
        169,
        169
      ],
      "drawn": false,
      "flags": {},
      "documentId": null,
      "weight": 1,
      "_key": "!tables.results!fbxRkGRpO71RwmnO.3qyB3fo02420rSu1"
    },
    {
      "_id": "rPc3mjpuCllyZBx9",
      "type": "text",
      "text": "The Knife",
      "img": "icons/svg/d20.svg",
      "range": [
        170,
        170
      ],
      "drawn": false,
      "flags": {},
      "documentId": null,
      "weight": 1,
      "_key": "!tables.results!fbxRkGRpO71RwmnO.rPc3mjpuCllyZBx9"
    },
    {
      "_id": "e2hglqbI8jiLchgW",
      "type": "text",
      "text": "The Leperchaun",
      "img": "icons/svg/d20.svg",
      "range": [
        171,
        171
      ],
      "drawn": false,
      "flags": {},
      "documentId": null,
      "weight": 1,
      "_key": "!tables.results!fbxRkGRpO71RwmnO.e2hglqbI8jiLchgW"
    },
    {
      "_id": "Qho67LdfOwUftbj9",
      "type": "text",
      "text": "Three Gates",
      "img": "icons/svg/d20.svg",
      "range": [
        172,
        172
      ],
      "drawn": false,
      "flags": {},
      "documentId": null,
      "weight": 1,
      "_key": "!tables.results!fbxRkGRpO71RwmnO.Qho67LdfOwUftbj9"
    },
    {
      "_id": "dmkRR8u6X5k8K4aK",
      "type": "text",
      "text": "Three Sheets",
      "img": "icons/svg/d20.svg",
      "range": [
        173,
        173
      ],
      "drawn": false,
      "flags": {},
      "documentId": null,
      "weight": 1,
      "_key": "!tables.results!fbxRkGRpO71RwmnO.dmkRR8u6X5k8K4aK"
    },
    {
      "_id": "DKknv945oFkcCks7",
      "type": "text",
      "text": "Tidal Wave",
      "img": "icons/svg/d20.svg",
      "range": [
        174,
        174
      ],
      "drawn": false,
      "flags": {},
      "documentId": null,
      "weight": 1,
      "_key": "!tables.results!fbxRkGRpO71RwmnO.DKknv945oFkcCks7"
    },
    {
      "_id": "XjAYacrOxwbFEGPo",
      "type": "text",
      "text": "Tiger Eye",
      "img": "icons/svg/d20.svg",
      "range": [
        175,
        175
      ],
      "drawn": false,
      "flags": {},
      "documentId": null,
      "weight": 1,
      "_key": "!tables.results!fbxRkGRpO71RwmnO.XjAYacrOxwbFEGPo"
    },
    {
      "_id": "5zEnJG1xIp8mLw2c",
      "type": "text",
      "text": "Tortuga",
      "img": "icons/svg/d20.svg",
      "range": [
        176,
        176
      ],
      "drawn": false,
      "flags": {},
      "documentId": null,
      "weight": 1,
      "_key": "!tables.results!fbxRkGRpO71RwmnO.5zEnJG1xIp8mLw2c"
    },
    {
      "_id": "zaOaMH0YLveeHndo",
      "type": "text",
      "text": "Turtle",
      "img": "icons/svg/d20.svg",
      "range": [
        177,
        177
      ],
      "drawn": false,
      "flags": {},
      "documentId": null,
      "weight": 1,
      "_key": "!tables.results!fbxRkGRpO71RwmnO.zaOaMH0YLveeHndo"
    },
    {
      "_id": "41rWlzOkVOHo8yJm",
      "type": "text",
      "text": "Two Toes",
      "img": "icons/svg/d20.svg",
      "range": [
        178,
        178
      ],
      "drawn": false,
      "flags": {},
      "documentId": null,
      "weight": 1,
      "_key": "!tables.results!fbxRkGRpO71RwmnO.41rWlzOkVOHo8yJm"
    },
    {
      "_id": "88BzmlNeJPnWiKfr",
      "type": "text",
      "text": "Upgrade",
      "img": "icons/svg/d20.svg",
      "range": [
        179,
        179
      ],
      "drawn": false,
      "flags": {},
      "documentId": null,
      "weight": 1,
      "_key": "!tables.results!fbxRkGRpO71RwmnO.88BzmlNeJPnWiKfr"
    },
    {
      "_id": "NYrFLFxQB1txjhhS",
      "type": "text",
      "text": "Venom",
      "img": "icons/svg/d20.svg",
      "range": [
        180,
        180
      ],
      "drawn": false,
      "flags": {},
      "documentId": null,
      "weight": 1,
      "_key": "!tables.results!fbxRkGRpO71RwmnO.NYrFLFxQB1txjhhS"
    },
    {
      "_id": "2HYlfNjyIG58424c",
      "type": "text",
      "text": "Vex",
      "img": "icons/svg/d20.svg",
      "range": [
        181,
        181
      ],
      "drawn": false,
      "flags": {},
      "documentId": null,
      "weight": 1,
      "_key": "!tables.results!fbxRkGRpO71RwmnO.2HYlfNjyIG58424c"
    },
    {
      "_id": "OZX8Sm7KKZm8r3FG",
      "type": "text",
      "text": "Voodoo",
      "img": "icons/svg/d20.svg",
      "range": [
        182,
        182
      ],
      "drawn": false,
      "flags": {},
      "documentId": null,
      "weight": 1,
      "_key": "!tables.results!fbxRkGRpO71RwmnO.OZX8Sm7KKZm8r3FG"
    },
    {
      "_id": "6c0L1TDa4JgO2BYx",
      "type": "text",
      "text": "West Indie Bandit",
      "img": "icons/svg/d20.svg",
      "range": [
        183,
        183
      ],
      "drawn": false,
      "flags": {},
      "documentId": null,
      "weight": 1,
      "_key": "!tables.results!fbxRkGRpO71RwmnO.6c0L1TDa4JgO2BYx"
    },
    {
      "_id": "CS5gUWKius8Cc6cB",
      "type": "text",
      "text": "West Indy",
      "img": "icons/svg/d20.svg",
      "range": [
        184,
        184
      ],
      "drawn": false,
      "flags": {},
      "documentId": null,
      "weight": 1,
      "_key": "!tables.results!fbxRkGRpO71RwmnO.CS5gUWKius8Cc6cB"
    },
    {
      "_id": "ebdOl3GTitZLRpKG",
      "type": "text",
      "text": "Whight",
      "img": "icons/svg/d20.svg",
      "range": [
        185,
        185
      ],
      "drawn": false,
      "flags": {},
      "documentId": null,
      "weight": 1,
      "_key": "!tables.results!fbxRkGRpO71RwmnO.ebdOl3GTitZLRpKG"
    },
    {
      "_id": "YcvlW6TDSPLkFNAp",
      "type": "text",
      "text": "Whip",
      "img": "icons/svg/d20.svg",
      "range": [
        186,
        186
      ],
      "drawn": false,
      "flags": {},
      "documentId": null,
      "weight": 1,
      "_key": "!tables.results!fbxRkGRpO71RwmnO.YcvlW6TDSPLkFNAp"
    },
    {
      "_id": "7DfWrkLXZb3pAHJE",
      "type": "text",
      "text": "Whistler",
      "img": "icons/svg/d20.svg",
      "range": [
        187,
        187
      ],
      "drawn": false,
      "flags": {},
      "documentId": null,
      "weight": 1,
      "_key": "!tables.results!fbxRkGRpO71RwmnO.7DfWrkLXZb3pAHJE"
    },
    {
      "_id": "qFO3QVUX0rfZe4Lr",
      "type": "text",
      "text": "White",
      "img": "icons/svg/d20.svg",
      "range": [
        188,
        188
      ],
      "drawn": false,
      "flags": {},
      "documentId": null,
      "weight": 1,
      "_key": "!tables.results!fbxRkGRpO71RwmnO.qFO3QVUX0rfZe4Lr"
    },
    {
      "_id": "qygno51oNe5b8yoB",
      "type": "text",
      "text": "Whitewash",
      "img": "icons/svg/d20.svg",
      "range": [
        189,
        189
      ],
      "drawn": false,
      "flags": {},
      "documentId": null,
      "weight": 1,
      "_key": "!tables.results!fbxRkGRpO71RwmnO.qygno51oNe5b8yoB"
    },
    {
      "_id": "PeSeHKqrxAGGuWKZ",
      "type": "text",
      "text": "Wild Onion",
      "img": "icons/svg/d20.svg",
      "range": [
        190,
        190
      ],
      "drawn": false,
      "flags": {},
      "documentId": null,
      "weight": 1,
      "_key": "!tables.results!fbxRkGRpO71RwmnO.PeSeHKqrxAGGuWKZ"
    },
    {
      "_id": "nczZFSBiIInnV7xh",
      "type": "text",
      "text": "Zeus",
      "img": "icons/svg/d20.svg",
      "range": [
        191,
        191
      ],
      "drawn": false,
      "flags": {},
      "documentId": null,
      "weight": 1,
      "_key": "!tables.results!fbxRkGRpO71RwmnO.nczZFSBiIInnV7xh"
    }
  ],
  "formula": "1d191",
  "replacement": true,
  "displayRoll": true,
  "folder": null,
  "sort": 0,
  "flags": {},
  "_id": "fbxRkGRpO71RwmnO",
  "ownership": {
    "default": 0
  },
  "_stats": {
    "coreVersion": "12.331",
    "systemId": null,
    "systemVersion": null,
    "createdTime": null,
    "modifiedTime": null,
    "lastModifiedBy": null,
    "duplicateSource": null
  },
  "description": "",
  "_key": "!tables!fbxRkGRpO71RwmnO"
}
