{
  "_id": "xi3UyD2W0uSLuaoP",
  "name": "Smallsword or Machete",
  "img": "icons/svg/d20-grey.svg",
  "description": "",
  "results": [
    {
      "_id": "g3Cmtl98lpnx8Gsx",
      "type": "pack",
      "text": "Smallsword",
      "weight": 1,
      "range": [
        1,
        1
      ],
      "drawn": false,
      "flags": {},
      "img": "systems/pirateborg/icons/equipment/melee-weapons/smallsword.png",
      "documentCollection": "pirateborg.equipment-melee-weapons",
      "documentId": "PIGilnhOPMRmlx2l",
      "_key": "!tables.results!xi3UyD2W0uSLuaoP.g3Cmtl98lpnx8Gsx"
    },
    {
      "_id": "m0FezqfakUNgF4kr",
      "type": "pack",
      "text": "Machete",
      "weight": 1,
      "range": [
        2,
        2
      ],
      "drawn": false,
      "flags": {},
      "img": "systems/pirateborg/icons/equipment/melee-weapons/machete.png",
      "documentCollection": "pirateborg.equipment-melee-weapons",
      "documentId": "4EvzYI2zDaLt18pV",
      "_key": "!tables.results!xi3UyD2W0uSLuaoP.m0FezqfakUNgF4kr"
    }
  ],
  "formula": "d2",
  "replacement": true,
  "displayRoll": true,
  "folder": null,
  "sort": 0,
  "flags": {},
  "ownership": {
    "default": 0
  },
  "_stats": {
    "coreVersion": "12.331",
    "systemId": null,
    "systemVersion": null,
    "createdTime": null,
    "modifiedTime": null,
    "lastModifiedBy": null,
    "duplicateSource": null
  },
  "_key": "!tables!xi3UyD2W0uSLuaoP"
}
