{
  "_id": "vgS9S9GazdTrJGOW",
  "name": "Haunted Soul",
  "type": "class",
  "img": "systems/pirateborg/tokens/haunted-soul.png",
  "effects": [],
  "folder": null,
  "sort": 0,
  "flags": {},
  "ownership": {
    "default": 0
  },
  "_stats": {
    "coreVersion": "12.331",
    "systemId": null,
    "systemVersion": null,
    "createdTime": null,
    "modifiedTime": null,
    "lastModifiedBy": null,
    "duplicateSource": null
  },
  "system": {
    "description": "<p>A possessed, infected, cursed, troubled, or undead individual.</p>",
    "flavorText": "A possessed, infected, cursed, troubled, or undead individual.",
    "luckDie": "",
    "startingArmorTableFormula": "",
    "startingWeaponTableFormula": "",
    "startingHatTableFormula": "",
    "startingAbilityScoreFormula": "",
    "startingAgilityBonus": "",
    "startingPresenceBonus": "",
    "startingStrengthBonus": "",
    "startingToughnessBonus": "",
    "startingSpiritBonus": "",
    "startingHitPoints": "",
    "startingItems": "",
    "startingRolls": "pirateborg.rolls-haunted-soul;Ailments;1",
    "startingMacro": "",
    "gettingBetterRolls": "",
    "gettingBetterMacro": "",
    "useExtraResource": false,
    "extraResourceNameSingular": "",
    "extraResourceNamePlural": "",
    "extraResourceFormula": "",
    "extraResourceFormulaLabel": "",
    "extraResourceTestFormula": "",
    "extraResourceTestFormulaLabel": "",
    "requireBaseClass": true,
    "isBaseClass": false,
    "characterGeneratorMacro": "pirateborg.macros-haunted-soul;Character creation",
    "skipCharacterGenerator": true
  },
  "_key": "!items!vgS9S9GazdTrJGOW"
}
